{"alerts":[{"country":"KE","city":"Nairobi","reportRating":1,"confidence":0,"reliability":5,"type":"JAM","uuid":"b4a2fdfe-7212-41fa-9019-83191c2366a7","roadType":3,"magvar":256,"subtype":"JAM_HEAVY_TRAFFIC","street":"Langata Rd","location":{"x":36.806752,"y":-1.322358},"pubMillis":1665587789000},{"country":"KE","city":"Nairobi","reportRating":1,"confidence":0,"reliability":6,"type":"JAM","uuid":"61f5a707-2e28-4b14-85c2-f04863c5e257","roadType":1,"magvar":332,"subtype":"JAM_STAND_STILL_TRAFFIC","street":"Kayole Spine Rd","location":{"x":36.898037,"y":-1.274101},"pubMillis":1665587449000},{"country":"KE","roadType":4,"magvar":207,"subtype":"JAM_HEAVY_TRAFFIC","city":"Nairobi","reportRating":1,"confidence":0,"reliability":5,"location":{"x":36.81564,"y":-1.31351},"type":"JAM","uuid":"3af0128f-de94-43bc-8877-7908e7d80647","pubMillis":1665587563000},{"country":"KE","city":"Nairobi","reportRating":0,"confidence":0,"reliability":5,"type":"JAM","uuid":"d2014731-910d-4178-b3cd-6347f833465e","roadType":3,"magvar":359,"subtype":"","street":"Outer Ring Rd","location":{"x":36.885798,"y":-1.293292},"pubMillis":1665588055000},{"country":"KE","city":"Nairobi","reportRating":0,"confidence":0,"reliability":5,"type":"JAM","uuid":"55d1a6d8-1b5e-42e9-ae32-3c3c19fe5997","roadType":3,"magvar":346,"subtype":"","street":"Outer Ring Rd","location":{"x":36.881507,"y":-1.273183},"pubMillis":1665587432000},{"country":"KE","city":"Nairobi","reportRating":2,"confidence":0,"reliability":5,"type":"JAM","uuid":"6a807fb8-4edb-4955-9269-0f15cf122604","roadType":3,"magvar":349,"subtype":"JAM_STAND_STILL_TRAFFIC","street":"Nairobi Expressway","location":{"x":36.813791,"y":-1.278104},"pubMillis":1665587860000}],"endTimeMillis":1665588120000,"irregularities":[{"country":"KE","nThumbsUp":0,"updateDate":"Wed Oct 12 15:22:46 +0000 2022","trend":-1,"city":"Nairobi","line":[{"x":36.794749,"y":-1.325548},{"x":36.794364,"y":-1.325769},{"x":36.793679,"y":-1.326161},{"x":36.792258,"y":-1.32695},{"x":36.789924,"y":-1.328328},{"x":36.789187,"y":-1.328728},{"x":36.78854,"y":-1.329068},{"x":36.787356,"y":-1.329724},{"x":36.785726,"y":-1.330635},{"x":36.785053,"y":-1.330997},{"x":36.784366,"y":-1.331394},{"x":36.783728,"y":-1.331746},{"x":36.782923,"y":-1.33219},{"x":36.781733,"y":-1.332945}],"detectionDateMillis":1665587473741,"type":"SMALL","speed":14.25,"seconds":420,"street":"Langata Rd","jamLevel":3,"id":1813644938,"nComments":0,"highway":true,"delaySeconds":286,"severity":5,"driversCount":2,"alertsCount":0,"length":1665,"updateDateMillis":1665588166679,"nImages":0,"alerts":[],"detectionDate":"Wed Oct 12 15:11:13 +0000 2022","regularSpeed":40.34}],"startTimeMillis":1665588060000,"startTime":"2022-10-12 15:21:00:000","endTime":"2022-10-12 15:22:00:000","jams":[{"country":"KE","city":"Nairobi","level":2,"line":[{"x":36.807558,"y":-1.276536},{"x":36.807495,"y":-1.27648},{"x":36.807371,"y":-1.27642},{"x":36.807132,"y":-1.276361},{"x":36.807028,"y":-1.276357},{"x":36.805781,"y":-1.276652},{"x":36.804494,"y":-1.276936},{"x":36.804357,"y":-1.276904},{"x":36.804247,"y":-1.276845},{"x":36.804136,"y":-1.276717},{"x":36.803905,"y":-1.276221},{"x":36.803551,"y":-1.275803},{"x":36.803439,"y":-1.275602},{"x":36.803218,"y":-1.2751},{"x":36.802664,"y":-1.274295},{"x":36.802568,"y":-1.274176},{"x":36.802476,"y":-1.274128},{"x":36.802354,"y":-1.274124},{"x":36.802117,"y":-1.274174},{"x":36.801119,"y":-1.274324},{"x":36.80098,"y":-1.274327},{"x":36.800855,"y":-1.274307},{"x":36.800752,"y":-1.274268},{"x":36.800574,"y":-1.274163}],"speedKMH":18.17,"length":963,"turnType":"NONE","type":"NONE","uuid":1811305974,"endNode":"Ring Road Kileleshwa","speed":5.04722222222222,"segments":[[]],"roadType":1,"delay":94,"street":"Arboretum Rd","pubMillis":1665586471487},{"country":"KE","city":"Kiambu","level":2,"line":[{"x":36.777191,"y":-1.164147},{"x":36.777317,"y":-1.163459},{"x":36.777476,"y":-1.162594},{"x":36.774708,"y":-1.16158},{"x":36.774247,"y":-1.161164},{"x":36.774412,"y":-1.161011},{"x":36.773423,"y":-1.159926},{"x":36.772774,"y":-1.159215},{"x":36.772808,"y":-1.159186},{"x":36.772373,"y":-1.158692},{"x":36.771954,"y":-1.158215},{"x":36.771431,"y":-1.157619},{"x":36.771121,"y":-1.157279},{"x":36.770688,"y":-1.156804},{"x":36.770254,"y":-1.15634},{"x":36.770004,"y":-1.156073},{"x":36.769787,"y":-1.155842},{"x":36.769459,"y":-1.155492},{"x":36.769336,"y":-1.155361}],"speedKMH":18.41,"length":1443,"turnType":"NONE","type":"NONE","uuid":1815481268,"speed":5.11388888888889,"segments":[[],[],[],[],[],[],[],[],[],[],[],[],[],[],[],[],[]],"roadType":1,"delay":179,"pubMillis":1665588182044},{"country":"KE","city":"Nairobi","level":3,"line":[{"x":36.78346,"y":-1.292374},{"x":36.7817,"y":-1.292469},{"x":36.780802,"y":-1.292515},{"x":36.779714,"y":-1.292569},{"x":36.779071,"y":-1.292586},{"x":36.776615,"y":-1.292703}],"speedKMH":10.14,"length":763,"turnType":"NONE","type":"NONE","uuid":1814538082,"endNode":"Ole Odume Rd","speed":2.81666666666667,"segments":[[],[],[],[]],"roadType":7,"delay":184,"street":"Argwings Kodhek Rd","pubMillis":1665587819324},{"country":"KE","city":"Nairobi","level":3,"line":[{"x":36.772996,"y":-1.265187},{"x":36.772894,"y":-1.265016},{"x":36.772787,"y":-1.264784},{"x":36.772723,"y":-1.264604},{"x":36.772683,"y":-1.264428},{"x":36.772659,"y":-1.264256},{"x":36.772648,"y":-1.264091},{"x":36.772649,"y":-1.263931},{"x":36.772663,"y":-1.263785},{"x":36.772689,"y":-1.263634},{"x":36.772744,"y":-1.263471},{"x":36.7728,"y":-1.263319},{"x":36.772886,"y":-1.263162},{"x":36.772982,"y":-1.263017},{"x":36.773101,"y":-1.262876},{"x":36.773237,"y":-1.26273},{"x":36.773366,"y":-1.262613},{"x":36.773526,"y":-1.262489},{"x":36.773714,"y":-1.26237},{"x":36.774044,"y":-1.262183},{"x":36.77435,"y":-1.262008},{"x":36.775269,"y":-1.261499},{"x":36.7754,"y":-1.261415},{"x":36.775505,"y":-1.261328},{"x":36.775607,"y":-1.261235},{"x":36.775689,"y":-1.261128},{"x":36.775759,"y":-1.261002},{"x":36.775808,"y":-1.260869},{"x":36.775833,"y":-1.260731},{"x":36.775842,"y":-1.260582},{"x":36.775832,"y":-1.260417},{"x":36.775803,"y":-1.260239},{"x":36.77575,"y":-1.259987},{"x":36.775708,"y":-1.259851},{"x":36.775654,"y":-1.259743},{"x":36.775587,"y":-1.259674},{"x":36.775491,"y":-1.259601}],"speedKMH":11.15,"length":808,"turnType":"NONE","type":"NONE","uuid":1812884488,"speed":3.09722222222222,"segments":[[],[],[],[],[]],"roadType":6,"delay":188,"street":"James Gichuru Rd","pubMillis":1665587144343},{"country":"KE","city":"Nairobi","level":3,"line":[{"x":36.849394,"y":-1.27486},{"x":36.849323,"y":-1.274434},{"x":36.849262,"y":-1.27416},{"x":36.84912,"y":-1.273569},{"x":36.84909,"y":-1.273397},{"x":36.849048,"y":-1.273168},{"x":36.848965,"y":-1.272681},{"x":36.848806,"y":-1.271993},{"x":36.848711,"y":-1.271538}],"speedKMH":7.16,"length":375,"turnType":"NONE","type":"NONE","uuid":1813668436,"endNode":"Sgt Major Kamugobe St","speed":1.98888888888889,"segments":[[],[]],"roadType":7,"delay":148,"street":"Eastleigh First Ave","pubMillis":1665587479251},{"country":"KE","city":"Nairobi","level":4,"line":[{"x":36.814892,"y":-1.281664},{"x":36.814459,"y":-1.280806},{"x":36.814307,"y":-1.280423},{"x":36.814199,"y":-1.28011},{"x":36.814086,"y":-1.279721},{"x":36.813997,"y":-1.279325},{"x":36.81392,"y":-1.278895},{"x":36.813792,"y":-1.27801},{"x":36.813713,"y":-1.277621},{"x":36.813627,"y":-1.277277},{"x":36.813531,"y":-1.276978},{"x":36.813484,"y":-1.276867}],"speedKMH":4.05,"length":557,"turnType":"NONE","type":"NONE","uuid":1815045344,"speed":1.125,"segments":[[]],"roadType":3,"delay":2637,"street":"Nairobi Expressway","pubMillis":1665588015173},{"country":"KE","city":"Nairobi","level":3,"line":[{"x":36.807884,"y":-1.263525},{"x":36.807547,"y":-1.263575},{"x":36.80735,"y":-1.263582},{"x":36.807129,"y":-1.263559},{"x":36.80697,"y":-1.263528},{"x":36.806535,"y":-1.263369},{"x":36.806392,"y":-1.263316},{"x":36.80491,"y":-1.262731},{"x":36.804698,"y":-1.262657},{"x":36.804472,"y":-1.262564}],"speedKMH":4.18,"length":400,"turnType":"NONE","type":"NONE","uuid":1814083760,"endNode":"Ring Road Parklands","speed":1.16111111111111,"segments":[[],[],[],[],[]],"roadType":6,"delay":271,"street":"Parklands Rd","pubMillis":1665587646172},{"country":"KE","city":"Nairobi","level":3,"line":[{"x":36.794749,"y":-1.325548},{"x":36.794364,"y":-1.325769},{"x":36.793679,"y":-1.326161},{"x":36.792258,"y":-1.32695},{"x":36.789924,"y":-1.328328},{"x":36.789187,"y":-1.328728},{"x":36.78854,"y":-1.329068},{"x":36.787356,"y":-1.329724},{"x":36.785726,"y":-1.330635},{"x":36.785053,"y":-1.330997},{"x":36.784366,"y":-1.331394},{"x":36.783728,"y":-1.331746},{"x":36.782923,"y":-1.33219},{"x":36.781733,"y":-1.332945}],"speedKMH":14.25,"length":1665,"turnType":"NONE","type":"SMALL","uuid":1813644938,"speed":3.95833333333333,"segments":[[],[],[],[],[],[]],"roadType":3,"delay":286,"street":"Langata Rd","pubMillis":1665587473741},{"country":"KE","city":"Nairobi","level":3,"line":[{"x":36.855033,"y":-1.313076},{"x":36.85511,"y":-1.312971},{"x":36.855182,"y":-1.312848},{"x":36.856177,"y":-1.310767},{"x":36.856639,"y":-1.309848},{"x":36.856677,"y":-1.309724},{"x":36.856679,"y":-1.309617}],"speedKMH":12.07,"length":426,"turnType":"NONE","type":"NONE","uuid":1814100400,"speed":3.35277777777778,"segments":[[]],"roadType":7,"delay":84,"street":"Likoni Rd","pubMillis":1665587655276},{"country":"KE","city":"Nairobi","level":3,"line":[{"x":36.801494,"y":-1.271681},{"x":36.801451,"y":-1.271885},{"x":36.801247,"y":-1.272399},{"x":36.800889,"y":-1.27337},{"x":36.800688,"y":-1.27395},{"x":36.800635,"y":-1.274068},{"x":36.800574,"y":-1.274163},{"x":36.800496,"y":-1.274245},{"x":36.800401,"y":-1.274316},{"x":36.800277,"y":-1.274389},{"x":36.800152,"y":-1.274441},{"x":36.800022,"y":-1.274464},{"x":36.799888,"y":-1.274458},{"x":36.799762,"y":-1.274425},{"x":36.799409,"y":-1.274394},{"x":36.799235,"y":-1.274394},{"x":36.799063,"y":-1.274408}],"speedKMH":10.76,"length":473,"turnType":"NONE","type":"NONE","uuid":1814124148,"speed":2.98888888888889,"segments":[[],[],[],[]],"roadType":7,"delay":117,"street":"Ring Road Kileleshwa","pubMillis":1665587655708},{"country":"KE","city":"Nairobi","level":4,"line":[{"x":36.771922,"y":-1.27597},{"x":36.771803,"y":-1.276029},{"x":36.771739,"y":-1.276082},{"x":36.771622,"y":-1.27621},{"x":36.771445,"y":-1.276334},{"x":36.771257,"y":-1.276571},{"x":36.770898,"y":-1.277164},{"x":36.770479,"y":-1.277937},{"x":36.770272,"y":-1.278282},{"x":36.770206,"y":-1.27839},{"x":36.770012,"y":-1.278728},{"x":36.769793,"y":-1.279095},{"x":36.769581,"y":-1.279422},{"x":36.769247,"y":-1.279921}],"speedKMH":5.48,"length":533,"turnType":"NONE","type":"NONE","uuid":1814565630,"speed":1.52222222222222,"segments":[[],[],[],[],[],[],[]],"roadType":6,"delay":287,"street":"James Gichuru Rd","pubMillis":1665587827111},{"country":"KE","level":2,"line":[{"x":36.840644,"y":-1.261985},{"x":36.841821,"y":-1.260985},{"x":36.841955,"y":-1.260881},{"x":36.842095,"y":-1.260782},{"x":36.842256,"y":-1.260678},{"x":36.842457,"y":-1.260563},{"x":36.842859,"y":-1.260356},{"x":36.846691,"y":-1.258505},{"x":36.84694,"y":-1.258396},{"x":36.847159,"y":-1.258311},{"x":36.847384,"y":-1.258239},{"x":36.847632,"y":-1.258174},{"x":36.847924,"y":-1.258121},{"x":36.848192,"y":-1.258087},{"x":36.848456,"y":-1.258067},{"x":36.84867,"y":-1.258059},{"x":36.849232,"y":-1.258065},{"x":36.851236,"y":-1.258033},{"x":36.851582,"y":-1.25802},{"x":36.85187,"y":-1.258003},{"x":36.852132,"y":-1.257975},{"x":36.852372,"y":-1.257933},{"x":36.852631,"y":-1.257878},{"x":36.852882,"y":-1.257809},{"x":36.853155,"y":-1.257716},{"x":36.853398,"y":-1.257617},{"x":36.853643,"y":-1.257501},{"x":36.853852,"y":-1.257386},{"x":36.854071,"y":-1.257245},{"x":36.854306,"y":-1.257073},{"x":36.856365,"y":-1.255471},{"x":36.856772,"y":-1.255131},{"x":36.857079,"y":-1.254865},{"x":36.857335,"y":-1.254632},{"x":36.857591,"y":-1.254385},{"x":36.85783,"y":-1.254146},{"x":36.860485,"y":-1.251397},{"x":36.863833,"y":-1.247938},{"x":36.863986,"y":-1.247803},{"x":36.8677,"y":-1.243958},{"x":36.867879,"y":-1.243774},{"x":36.868027,"y":-1.243605},{"x":36.868164,"y":-1.243433},{"x":36.868283,"y":-1.24327},{"x":36.86839,"y":-1.243112},{"x":36.868501,"y":-1.242922},{"x":36.868602,"y":-1.242733},{"x":36.86871,"y":-1.242509},{"x":36.868922,"y":-1.242038},{"x":36.869425,"y":-1.240903},{"x":36.869735,"y":-1.240164},{"x":36.870179,"y":-1.23914},{"x":36.870624,"y":-1.238119},{"x":36.870907,"y":-1.237489},{"x":36.871043,"y":-1.237214},{"x":36.871176,"y":-1.236967},{"x":36.871332,"y":-1.236702},{"x":36.871489,"y":-1.236455},{"x":36.871686,"y":-1.236176},{"x":36.871871,"y":-1.235938},{"x":36.872106,"y":-1.235664},{"x":36.872358,"y":-1.235394},{"x":36.872618,"y":-1.23514},{"x":36.872839,"y":-1.234947},{"x":36.87308,"y":-1.234748},{"x":36.877162,"y":-1.231466},{"x":36.87769,"y":-1.231024}],"speedKMH":34.7,"length":5593,"turnType":"NONE","type":"NONE","uuid":1814095548,"endNode":"SportsDrive Estate, Luxury Apartments, Kasarani, Off Exit 8 along ICIPE Rd","speed":9.63888888888889,"segments":[[],[],[],[],[],[]],"roadType":3,"delay":315,"startNode":"na","street":"Thika Rd","pubMillis":1665587648386},{"country":"KE","city":"Nairobi","level":3,"line":[{"x":36.831699,"y":-1.21588},{"x":36.8313,"y":-1.215937},{"x":36.830146,"y":-1.216109},{"x":36.829519,"y":-1.216192},{"x":36.828616,"y":-1.216286},{"x":36.82817,"y":-1.216331},{"x":36.827097,"y":-1.216412},{"x":36.826523,"y":-1.216445},{"x":36.825572,"y":-1.216481},{"x":36.823978,"y":-1.216508},{"x":36.823391,"y":-1.216499},{"x":36.822299,"y":-1.216465},{"x":36.821753,"y":-1.21644},{"x":36.821376,"y":-1.216409}],"speedKMH":15.73,"length":1153,"turnType":"NONE","type":"NONE","uuid":1814091968,"endNode":"Githogoro Rd","speed":4.36944444444444,"segments":[[],[]],"roadType":6,"delay":162,"street":"Northern Bypass","pubMillis":1665587647153},{"country":"KE","level":3,"line":[{"x":36.978294,"y":-1.438638},{"x":36.978462,"y":-1.43874},{"x":36.979183,"y":-1.439182},{"x":36.979575,"y":-1.439454},{"x":36.980271,"y":-1.439982},{"x":36.981124,"y":-1.440524},{"x":36.981793,"y":-1.440888},{"x":36.982323,"y":-1.441207},{"x":36.982677,"y":-1.441396},{"x":36.983712,"y":-1.441892},{"x":36.985333,"y":-1.442615},{"x":36.98574,"y":-1.442779},{"x":36.986226,"y":-1.44293},{"x":36.986703,"y":-1.443057},{"x":36.987182,"y":-1.443151},{"x":36.987706,"y":-1.443226},{"x":36.988428,"y":-1.443302},{"x":36.989285,"y":-1.443387},{"x":36.989684,"y":-1.443423}],"speedKMH":15.05,"length":1396,"turnType":"NONE","type":"NONE","uuid":1814977998,"endNode":"Mavoko","speed":4.18055555555556,"segments":[[],[],[],[],[]],"roadType":3,"delay":239,"startNode":"Athi River","street":"A8","pubMillis":1665587991957},{"country":"KE","city":"Nairobi","level":2,"line":[{"x":36.806616,"y":-1.256451},{"x":36.806521,"y":-1.256405},{"x":36.805196,"y":-1.256016},{"x":36.803288,"y":-1.255352},{"x":36.80269,"y":-1.25515},{"x":36.802302,"y":-1.254989}],"speedKMH":7.22,"length":507,"turnType":"NONE","type":"NONE","uuid":1815433872,"endNode":"Peponi Rd","speed":2.00555555555556,"segments":[[]],"roadType":2,"delay":125,"street":"General Mathenge Dr","pubMillis":1665588170191},{"country":"KE","city":"Nairobi","level":4,"line":[{"x":36.794352,"y":-1.214159},{"x":36.794035,"y":-1.213996},{"x":36.793694,"y":-1.2138},{"x":36.793398,"y":-1.213614},{"x":36.792845,"y":-1.21328},{"x":36.792556,"y":-1.213084},{"x":36.792322,"y":-1.212897},{"x":36.792043,"y":-1.212674}],"speedKMH":4.09,"length":306,"turnType":"NONE","type":"NONE","uuid":1813645554,"speed":1.13611111111111,"segments":[[],[]],"roadType":3,"delay":245,"street":"Limuru Rd","pubMillis":1665587475777},{"country":"KE","city":"Nairobi","level":3,"line":[{"x":36.802712,"y":-1.298158},{"x":36.802627,"y":-1.298114},{"x":36.80254,"y":-1.298079},{"x":36.802456,"y":-1.29806},{"x":36.802369,"y":-1.29806},{"x":36.8018,"y":-1.298145},{"x":36.801336,"y":-1.298232},{"x":36.800481,"y":-1.298368},{"x":36.799345,"y":-1.298597},{"x":36.799095,"y":-1.298651},{"x":36.798735,"y":-1.298725},{"x":36.797991,"y":-1.298879},{"x":36.797681,"y":-1.298935},{"x":36.796991,"y":-1.299039},{"x":36.796483,"y":-1.299155},{"x":36.796091,"y":-1.299225},{"x":36.795706,"y":-1.299279},{"x":36.795452,"y":-1.29931},{"x":36.795243,"y":-1.299326},{"x":36.7949,"y":-1.29934},{"x":36.794644,"y":-1.299356},{"x":36.794324,"y":-1.299388},{"x":36.793921,"y":-1.299428},{"x":36.793648,"y":-1.299442},{"x":36.793431,"y":-1.299451},{"x":36.792704,"y":-1.299488},{"x":36.792338,"y":-1.29951},{"x":36.792017,"y":-1.299521},{"x":36.791831,"y":-1.299524},{"x":36.79133,"y":-1.299515},{"x":36.79089,"y":-1.299518},{"x":36.790338,"y":-1.299539},{"x":36.790128,"y":-1.299554},{"x":36.78968,"y":-1.29959},{"x":36.789002,"y":-1.299636},{"x":36.788421,"y":-1.29966},{"x":36.788186,"y":-1.299668},{"x":36.78766,"y":-1.299691},{"x":36.787266,"y":-1.299708},{"x":36.786763,"y":-1.299734}],"speedKMH":20.26,"length":1794,"turnType":"NONE","type":"NONE","uuid":1814532172,"endNode":"Suna Rd","speed":5.62777777777778,"segments":[[],[],[],[],[],[],[],[],[],[],[],[],[],[],[],[],[],[],[],[]],"roadType":3,"delay":164,"street":"Ngong Rd","pubMillis":1665587818965},{"country":"KE","city":"Nairobi","level":3,"line":[{"x":36.774508,"y":-1.294856},{"x":36.774583,"y":-1.292829},{"x":36.774575,"y":-1.291489},{"x":36.77464,"y":-1.290316},{"x":36.774614,"y":-1.290233},{"x":36.774566,"y":-1.290172}],"speedKMH":4.7,"length":520,"turnType":"NONE","type":"NONE","uuid":1814545162,"speed":1.30555555555556,"segments":[[],[],[]],"roadType":7,"delay":309,"street":"Ole Odume Rd","pubMillis":1665587822935},{"country":"KE","city":"Nairobi","level":3,"line":[{"x":36.857415,"y":-1.309557},{"x":36.859108,"y":-1.309333},{"x":36.860059,"y":-1.309207},{"x":36.860313,"y":-1.309172},{"x":36.860967,"y":-1.309093},{"x":36.861895,"y":-1.308954},{"x":36.862925,"y":-1.308794}],"speedKMH":14.24,"length":620,"turnType":"NONE","type":"NONE","uuid":1814537480,"speed":3.95555555555556,"segments":[[],[],[],[],[]],"roadType":7,"delay":100,"street":"Lunga Lunga Rd","pubMillis":1665587819949},{"country":"KE","city":"Nairobi","level":3,"line":[{"x":36.787078,"y":-1.291615},{"x":36.786853,"y":-1.290201},{"x":36.78673,"y":-1.28939},{"x":36.786737,"y":-1.289325},{"x":36.786762,"y":-1.289281},{"x":36.786829,"y":-1.289234},{"x":36.786905,"y":-1.289189},{"x":36.78694,"y":-1.289155},{"x":36.786979,"y":-1.289096},{"x":36.787037,"y":-1.288956},{"x":36.78717,"y":-1.288408},{"x":36.787699,"y":-1.286328},{"x":36.787833,"y":-1.285765},{"x":36.787863,"y":-1.285637},{"x":36.787907,"y":-1.285492},{"x":36.787962,"y":-1.285376},{"x":36.787996,"y":-1.28523},{"x":36.787994,"y":-1.285158},{"x":36.787978,"y":-1.285097},{"x":36.787945,"y":-1.285029},{"x":36.7879,"y":-1.284974},{"x":36.787763,"y":-1.284863},{"x":36.787569,"y":-1.284661},{"x":36.786963,"y":-1.284226},{"x":36.786477,"y":-1.283882},{"x":36.786262,"y":-1.28375},{"x":36.785952,"y":-1.283564}],"speedKMH":8.36,"length":1035,"turnType":"NONE","type":"NONE","uuid":1812892670,"speed":2.32222222222222,"segments":[[],[],[],[],[],[],[],[],[],[],[],[],[],[]],"roadType":7,"delay":329,"street":"Cotton Ave","pubMillis":1665587146265},{"country":"KE","city":"Nairobi","level":2,"line":[{"x":36.902651,"y":-1.282768},{"x":36.902706,"y":-1.282781},{"x":36.902761,"y":-1.282788},{"x":36.902816,"y":-1.282784},{"x":36.902873,"y":-1.282773},{"x":36.903023,"y":-1.282691},{"x":36.904046,"y":-1.282131},{"x":36.904472,"y":-1.281911},{"x":36.904969,"y":-1.281643},{"x":36.905126,"y":-1.281546},{"x":36.905268,"y":-1.281413},{"x":36.905385,"y":-1.281283},{"x":36.9055,"y":-1.281101},{"x":36.905693,"y":-1.280747},{"x":36.905892,"y":-1.280352},{"x":36.905946,"y":-1.280243},{"x":36.90605,"y":-1.279979},{"x":36.906111,"y":-1.279866},{"x":36.906196,"y":-1.279757},{"x":36.90631,"y":-1.279649},{"x":36.907049,"y":-1.279009},{"x":36.907446,"y":-1.278665},{"x":36.907621,"y":-1.278498},{"x":36.907847,"y":-1.278256},{"x":36.907963,"y":-1.278117}],"speedKMH":8.44,"length":810,"turnType":"NONE","type":"NONE","uuid":1814562842,"speed":2.34444444444444,"segments":[[],[],[],[],[],[],[],[],[],[]],"roadType":6,"delay":175,"street":"Kayole Spine Rd","pubMillis":1665587825797},{"country":"KE","city":"Nairobi","level":4,"line":[{"x":36.848934,"y":-1.272202},{"x":36.849021,"y":-1.2726},{"x":36.849061,"y":-1.272819},{"x":36.849112,"y":-1.273125},{"x":36.84915,"y":-1.273306},{"x":36.849173,"y":-1.27345},{"x":36.849189,"y":-1.27357},{"x":36.849304,"y":-1.274026},{"x":36.84933,"y":-1.274143},{"x":36.849387,"y":-1.274408},{"x":36.849445,"y":-1.274737},{"x":36.849467,"y":-1.274847},{"x":36.849495,"y":-1.274981},{"x":36.849587,"y":-1.275372},{"x":36.849624,"y":-1.275545}],"speedKMH":5.34,"length":378,"turnType":"NONE","type":"NONE","uuid":1815447686,"endNode":"Eighth St","speed":1.48333333333333,"segments":[[],[],[],[],[]],"roadType":7,"delay":212,"street":"Eastleigh First Ave","pubMillis":1665588172239},{"country":"KE","city":"Nairobi","level":2,"line":[{"x":36.859798,"y":-1.295921},{"x":36.860757,"y":-1.296121},{"x":36.862021,"y":-1.296372},{"x":36.862922,"y":-1.296553},{"x":36.864004,"y":-1.296786},{"x":36.865056,"y":-1.296994},{"x":36.86643,"y":-1.297271},{"x":36.867277,"y":-1.297444},{"x":36.867706,"y":-1.297525},{"x":36.868926,"y":-1.297773},{"x":36.869201,"y":-1.297822},{"x":36.869436,"y":-1.297836},{"x":36.86966,"y":-1.297826},{"x":36.869869,"y":-1.297808},{"x":36.874288,"y":-1.2972},{"x":36.874818,"y":-1.29713},{"x":36.876262,"y":-1.296933}],"speedKMH":22.22,"length":1859,"turnType":"NONE","type":"NONE","uuid":1814988186,"speed":6.17222222222222,"segments":[[],[],[],[],[],[],[],[],[]],"roadType":6,"delay":172,"street":"Jogoo Rd","pubMillis":1665587996002},{"country":"KE","city":"Nairobi","level":1,"line":[{"x":36.743214,"y":-1.288656},{"x":36.744031,"y":-1.289214},{"x":36.74548,"y":-1.290236},{"x":36.746246,"y":-1.290766},{"x":36.746711,"y":-1.291099},{"x":36.746949,"y":-1.291262},{"x":36.747129,"y":-1.29137},{"x":36.747285,"y":-1.291454},{"x":36.747442,"y":-1.291528},{"x":36.74759,"y":-1.291585},{"x":36.748272,"y":-1.291786},{"x":36.750144,"y":-1.292292},{"x":36.751184,"y":-1.292603},{"x":36.751596,"y":-1.292682},{"x":36.752737,"y":-1.293031},{"x":36.753078,"y":-1.29317},{"x":36.75325,"y":-1.293262},{"x":36.753446,"y":-1.293385},{"x":36.753654,"y":-1.293547},{"x":36.7546,"y":-1.294374},{"x":36.755038,"y":-1.294756},{"x":36.755221,"y":-1.294935},{"x":36.755438,"y":-1.295167}],"speedKMH":19.18,"length":1566,"turnType":"NONE","type":"NONE","uuid":1815442624,"endNode":"Ngong Rd","speed":5.32777777777778,"segments":[[],[],[],[],[]],"roadType":3,"delay":106,"street":"Naivasha Rd","pubMillis":1665588170129},{"country":"KE","city":"Nairobi","level":2,"line":[{"x":36.776888,"y":-1.300058},{"x":36.777384,"y":-1.300031},{"x":36.778109,"y":-1.300003},{"x":36.779483,"y":-1.299882},{"x":36.780227,"y":-1.299883},{"x":36.781388,"y":-1.299843},{"x":36.78207,"y":-1.299796},{"x":36.782568,"y":-1.299777},{"x":36.783053,"y":-1.299746},{"x":36.78372,"y":-1.299718},{"x":36.784853,"y":-1.299653},{"x":36.785098,"y":-1.299653},{"x":36.785734,"y":-1.299672},{"x":36.786662,"y":-1.299652},{"x":36.787356,"y":-1.29963},{"x":36.787992,"y":-1.299604},{"x":36.788164,"y":-1.299575}],"speedKMH":23.4,"length":1257,"turnType":"NONE","type":"NONE","uuid":1815418818,"endNode":"Ring Road Kilimani","speed":6.5,"segments":[[],[],[],[],[]],"roadType":3,"delay":103,"street":"Ngong Rd","pubMillis":1665588167476},{"country":"KE","city":"Nairobi","level":2,"line":[{"x":36.809145,"y":-1.23755},{"x":36.807858,"y":-1.23693},{"x":36.807446,"y":-1.236706},{"x":36.806825,"y":-1.236391},{"x":36.805661,"y":-1.235817},{"x":36.805369,"y":-1.235681},{"x":36.804978,"y":-1.235468},{"x":36.804665,"y":-1.235315},{"x":36.804319,"y":-1.235127},{"x":36.804149,"y":-1.235024},{"x":36.803966,"y":-1.234884},{"x":36.803878,"y":-1.23479},{"x":36.80379,"y":-1.234686},{"x":36.803706,"y":-1.234566},{"x":36.803631,"y":-1.234416},{"x":36.803516,"y":-1.234207},{"x":36.803423,"y":-1.234005}],"speedKMH":17.98,"length":763,"turnType":"NONE","type":"NONE","uuid":1814988182,"speed":4.99444444444444,"segments":[[],[],[]],"roadType":3,"delay":87,"street":"Limuru Rd","pubMillis":1665587995999},{"country":"KE","level":4,"line":[{"x":36.888976,"y":-1.222083},{"x":36.890356,"y":-1.220655},{"x":36.891043,"y":-1.21994},{"x":36.891166,"y":-1.219817},{"x":36.891457,"y":-1.219542},{"x":36.891731,"y":-1.21929}],"speedKMH":9.67,"length":436,"turnType":"NONE","type":"NONE","uuid":1815460684,"endNode":"SportsDrive Estate, Luxury Apartments, Kasarani, Off Exit 8 along ICIPE Rd","speed":2.68611111111111,"segments":[[],[]],"roadType":3,"delay":141,"startNode":"SportsDrive Estate, Luxury Apartments, Kasarani, Off Exit 8 along ICIPE Rd","street":"Thika Rd","pubMillis":1665588176245},{"country":"KE","city":"Nairobi","level":3,"line":[{"x":36.815291,"y":-1.314037},{"x":36.814995,"y":-1.31462},{"x":36.814941,"y":-1.314784},{"x":36.814896,"y":-1.31496},{"x":36.814862,"y":-1.315017},{"x":36.814699,"y":-1.315288},{"x":36.814608,"y":-1.315405},{"x":36.814484,"y":-1.315554},{"x":36.814353,"y":-1.315705},{"x":36.814175,"y":-1.31588},{"x":36.813993,"y":-1.316052},{"x":36.813743,"y":-1.316302},{"x":36.812982,"y":-1.317051},{"x":36.812531,"y":-1.317492},{"x":36.811943,"y":-1.318033},{"x":36.810929,"y":-1.319071},{"x":36.810219,"y":-1.319842},{"x":36.809916,"y":-1.320139},{"x":36.80959,"y":-1.320478},{"x":36.808294,"y":-1.321757},{"x":36.807991,"y":-1.321978},{"x":36.807826,"y":-1.322068},{"x":36.807646,"y":-1.322144},{"x":36.807284,"y":-1.322261},{"x":36.805824,"y":-1.322579},{"x":36.805333,"y":-1.322668},{"x":36.803844,"y":-1.322879},{"x":36.803171,"y":-1.322993},{"x":36.802604,"y":-1.323098}],"speedKMH":15.37,"length":1819,"turnType":"NONE","type":"NONE","uuid":1814978002,"speed":4.26944444444444,"segments":[[],[],[],[],[],[],[],[],[],[],[],[]],"roadType":3,"delay":305,"street":"Langata Rd","pubMillis":1665587992132},{"country":"KE","city":"Nairobi","level":4,"line":[{"x":36.772793,"y":-1.276806},{"x":36.772942,"y":-1.277168},{"x":36.773084,"y":-1.277416},{"x":36.773162,"y":-1.27753},{"x":36.773284,"y":-1.277677},{"x":36.773378,"y":-1.27777},{"x":36.773883,"y":-1.278115},{"x":36.774289,"y":-1.278291},{"x":36.774845,"y":-1.278407},{"x":36.776534,"y":-1.278631},{"x":36.777778,"y":-1.278913},{"x":36.778748,"y":-1.279016},{"x":36.77897,"y":-1.279058},{"x":36.779059,"y":-1.279089},{"x":36.779149,"y":-1.279123},{"x":36.779384,"y":-1.279249},{"x":36.779961,"y":-1.279614},{"x":36.781666,"y":-1.280751},{"x":36.782408,"y":-1.28124},{"x":36.78284,"y":-1.281507},{"x":36.783918,"y":-1.282208},{"x":36.78494,"y":-1.282906},{"x":36.785236,"y":-1.283093}],"speedKMH":7.96,"length":1600,"turnType":"NONE","type":"NONE","uuid":1814102812,"speed":2.21111111111111,"segments":[[],[],[],[],[]],"roadType":7,"delay":559,"street":"Olenguruone Rd","pubMillis":1665587651941},{"country":"KE","city":"Nairobi","level":3,"line":[{"x":36.901488,"y":-1.283679},{"x":36.901128,"y":-1.283936},{"x":36.901022,"y":-1.284008},{"x":36.900039,"y":-1.284723},{"x":36.899598,"y":-1.28506}],"speedKMH":7.12,"length":259,"turnType":"NONE","type":"NONE","uuid":1814544538,"speed":1.97777777777778,"segments":[[],[]],"roadType":6,"delay":84,"street":"Manyanja Rd","pubMillis":1665587823599},{"country":"KE","city":"Nairobi","level":4,"line":[{"x":36.771116,"y":-1.290023},{"x":36.771526,"y":-1.290042},{"x":36.77295,"y":-1.290099},{"x":36.773222,"y":-1.290111},{"x":36.773826,"y":-1.290141},{"x":36.774133,"y":-1.290144},{"x":36.774358,"y":-1.290099},{"x":36.774537,"y":-1.290027}],"speedKMH":3.26,"length":384,"turnType":"NONE","type":"NONE","uuid":1812859952,"speed":0.905555555555556,"segments":[[],[],[],[],[]],"roadType":7,"delay":351,"street":"Gitanga Rd","pubMillis":1665587136880},{"country":"KE","city":"Nairobi","level":3,"line":[{"x":36.756435,"y":-1.300652},{"x":36.757785,"y":-1.300147},{"x":36.758231,"y":-1.299908},{"x":36.758773,"y":-1.299667},{"x":36.759924,"y":-1.29925},{"x":36.760441,"y":-1.299022},{"x":36.760693,"y":-1.298951},{"x":36.760924,"y":-1.2989},{"x":36.761155,"y":-1.298877},{"x":36.761344,"y":-1.298872},{"x":36.76161,"y":-1.298889},{"x":36.761887,"y":-1.298933},{"x":36.7634,"y":-1.299214}],"speedKMH":8.32,"length":816,"turnType":"NONE","type":"NONE","uuid":1814592470,"speed":2.31111111111111,"segments":[[],[],[],[],[]],"roadType":3,"delay":279,"street":"Ngong Rd","pubMillis":1665587837325}]}
