{"alerts":[{"country":"KE","city":"Nairobi","reportRating":1,"confidence":0,"reliability":5,"type":"JAM","uuid":"b4a2fdfe-7212-41fa-9019-83191c2366a7","roadType":3,"magvar":256,"subtype":"JAM_HEAVY_TRAFFIC","street":"Langata Rd","location":{"x":36.806752,"y":-1.322358},"pubMillis":1665587789000},{"country":"KE","city":"Nairobi","reportRating":1,"confidence":0,"reliability":5,"type":"JAM","uuid":"61f5a707-2e28-4b14-85c2-f04863c5e257","roadType":1,"magvar":332,"subtype":"JAM_STAND_STILL_TRAFFIC","street":"Kayole Spine Rd","location":{"x":36.898037,"y":-1.274101},"pubMillis":1665587449000},{"country":"KE","roadType":4,"magvar":207,"subtype":"JAM_HEAVY_TRAFFIC","city":"Nairobi","reportRating":1,"confidence":0,"reliability":5,"location":{"x":36.81564,"y":-1.31351},"type":"JAM","uuid":"3af0128f-de94-43bc-8877-7908e7d80647","pubMillis":1665587563000},{"country":"KE","city":"Nairobi","reportRating":0,"confidence":0,"reliability":5,"type":"JAM","uuid":"55d1a6d8-1b5e-42e9-ae32-3c3c19fe5997","roadType":3,"magvar":346,"subtype":"","street":"Outer Ring Rd","location":{"x":36.881507,"y":-1.273183},"pubMillis":1665587432000},{"country":"KE","city":"Nairobi","reportRating":2,"confidence":0,"reliability":5,"type":"JAM","uuid":"6a807fb8-4edb-4955-9269-0f15cf122604","roadType":3,"magvar":349,"subtype":"JAM_STAND_STILL_TRAFFIC","street":"Nairobi Expressway","location":{"x":36.813791,"y":-1.278104},"pubMillis":1665587860000}],"endTimeMillis":1665587760000,"irregularities":[{"country":"KE","nThumbsUp":0,"updateDate":"Wed Oct 12 15:16:58 +0000 2022","trend":1,"city":"Nairobi","line":[{"x":36.816407,"y":-1.312061},{"x":36.815974,"y":-1.312614},{"x":36.815864,"y":-1.312794},{"x":36.815291,"y":-1.314037},{"x":36.814995,"y":-1.31462},{"x":36.814941,"y":-1.314784},{"x":36.814896,"y":-1.31496},{"x":36.814862,"y":-1.315017},{"x":36.814699,"y":-1.315288},{"x":36.814608,"y":-1.315405},{"x":36.814484,"y":-1.315554},{"x":36.814353,"y":-1.315705},{"x":36.814175,"y":-1.31588},{"x":36.813993,"y":-1.316052},{"x":36.813743,"y":-1.316302},{"x":36.812982,"y":-1.317051},{"x":36.812531,"y":-1.317492},{"x":36.811943,"y":-1.318033},{"x":36.810929,"y":-1.319071},{"x":36.810219,"y":-1.319842},{"x":36.809916,"y":-1.320139},{"x":36.80959,"y":-1.320478},{"x":36.808294,"y":-1.321757},{"x":36.807991,"y":-1.321978},{"x":36.807826,"y":-1.322068},{"x":36.807646,"y":-1.322144},{"x":36.807284,"y":-1.322261},{"x":36.805824,"y":-1.322579},{"x":36.805333,"y":-1.322668},{"x":36.803844,"y":-1.322879},{"x":36.803171,"y":-1.322993},{"x":36.802604,"y":-1.323098},{"x":36.802222,"y":-1.323168},{"x":36.801197,"y":-1.323389},{"x":36.80083,"y":-1.323469},{"x":36.799642,"y":-1.323683},{"x":36.798409,"y":-1.323943},{"x":36.797512,"y":-1.324127},{"x":36.797319,"y":-1.324177},{"x":36.796886,"y":-1.324338},{"x":36.796262,"y":-1.324663},{"x":36.7951,"y":-1.325346},{"x":36.794749,"y":-1.325548},{"x":36.794364,"y":-1.325769},{"x":36.793679,"y":-1.326161},{"x":36.792258,"y":-1.32695},{"x":36.789924,"y":-1.328328},{"x":36.789187,"y":-1.328728},{"x":36.78854,"y":-1.329068},{"x":36.787356,"y":-1.329724},{"x":36.785726,"y":-1.330635},{"x":36.785053,"y":-1.330997},{"x":36.784366,"y":-1.331394},{"x":36.783728,"y":-1.331746}],"detectionDateMillis":1665587473741,"type":"MEDIUM","speed":14.64,"seconds":1082,"street":"Langata Rd","jamLevel":3,"id":1813644938,"nComments":0,"highway":true,"delaySeconds":758,"severity":5,"driversCount":6,"alertsCount":1,"length":4403,"updateDateMillis":1665587818765,"nImages":0,"alerts":[{"country":"KE","city":"Nairobi","reportRating":1,"confidence":0,"reliability":5,"type":"JAM","uuid":"b4a2fdfe-7212-41fa-9019-83191c2366a7","roadType":3,"magvar":256,"subtype":"JAM_HEAVY_TRAFFIC","street":"Langata Rd","location":{"x":36.806752,"y":-1.322358},"pubMillis":1665587789000}],"detectionDate":"Wed Oct 12 15:11:13 +0000 2022","regularSpeed":43.03},{"country":"KE","nThumbsUp":0,"updateDate":"Wed Oct 12 15:17:03 +0000 2022","trend":1,"city":"Nairobi","line":[{"x":36.828471,"y":-1.309372},{"x":36.826633,"y":-1.30545},{"x":36.826572,"y":-1.305342},{"x":36.826506,"y":-1.305255},{"x":36.826458,"y":-1.30521}],"detectionDateMillis":1665587138404,"type":"MEDIUM","speed":3.31,"seconds":556,"street":"Mombasa Rd","jamLevel":4,"id":1812873072,"nComments":0,"highway":true,"delaySeconds":522,"severity":5,"driversCount":7,"alertsCount":0,"length":513,"updateDateMillis":1665587823617,"nImages":0,"alerts":[],"detectionDate":"Wed Oct 12 15:05:38 +0000 2022","regularSpeed":25.78}],"startTimeMillis":1665587700000,"startTime":"2022-10-12 15:15:00:000","endTime":"2022-10-12 15:16:00:000","jams":[{"country":"KE","city":"Nairobi","level":2,"line":[{"x":36.807558,"y":-1.276536},{"x":36.807495,"y":-1.27648},{"x":36.807371,"y":-1.27642},{"x":36.807132,"y":-1.276361},{"x":36.807028,"y":-1.276357},{"x":36.805781,"y":-1.276652},{"x":36.804494,"y":-1.276936},{"x":36.804357,"y":-1.276904},{"x":36.804247,"y":-1.276845},{"x":36.804136,"y":-1.276717},{"x":36.803905,"y":-1.276221},{"x":36.803551,"y":-1.275803},{"x":36.803439,"y":-1.275602},{"x":36.803218,"y":-1.2751},{"x":36.802664,"y":-1.274295},{"x":36.802568,"y":-1.274176},{"x":36.802476,"y":-1.274128},{"x":36.802354,"y":-1.274124},{"x":36.802117,"y":-1.274174},{"x":36.801119,"y":-1.274324},{"x":36.80098,"y":-1.274327},{"x":36.800855,"y":-1.274307},{"x":36.800752,"y":-1.274268},{"x":36.800574,"y":-1.274163}],"speedKMH":13.39,"length":963,"turnType":"NONE","type":"NONE","uuid":1811305974,"endNode":"Ring Road Kileleshwa","speed":3.71944444444444,"segments":[[]],"roadType":1,"delay":162,"street":"Arboretum Rd","pubMillis":1665586471487},{"country":"KE","city":"Nairobi","level":4,"line":[{"x":36.777804,"y":-1.289936},{"x":36.777622,"y":-1.290052},{"x":36.777394,"y":-1.290103},{"x":36.776874,"y":-1.290098},{"x":36.775777,"y":-1.290038},{"x":36.774852,"y":-1.290001},{"x":36.774745,"y":-1.290044},{"x":36.774676,"y":-1.290114}],"speedKMH":3.05,"length":357,"turnType":"NONE","type":"NONE","uuid":1813663898,"speed":0.847222222222222,"segments":[[],[],[]],"roadType":2,"delay":375,"street":"Oloitoktok Rd","pubMillis":1665587479443},{"country":"KE","city":"Nairobi","level":2,"line":[{"x":36.756012,"y":-1.264188},{"x":36.755571,"y":-1.264206},{"x":36.753375,"y":-1.264267},{"x":36.752985,"y":-1.26427},{"x":36.752677,"y":-1.264254},{"x":36.751688,"y":-1.26415},{"x":36.749075,"y":-1.264238},{"x":36.747754,"y":-1.264299},{"x":36.744161,"y":-1.26443},{"x":36.743336,"y":-1.264499},{"x":36.741964,"y":-1.26454},{"x":36.741259,"y":-1.264519}],"speedKMH":32.16,"length":1644,"turnType":"NONE","type":"NONE","uuid":1813662360,"speed":8.93333333333333,"segments":[[],[],[],[]],"roadType":3,"delay":79,"street":"Waiyaki Way","pubMillis":1665587480780},{"country":"KE","city":"Nairobi","level":3,"line":[{"x":36.798773,"y":-1.294872},{"x":36.798004,"y":-1.294683},{"x":36.797264,"y":-1.294489},{"x":36.797048,"y":-1.294433},{"x":36.796475,"y":-1.294297},{"x":36.795298,"y":-1.293993},{"x":36.795039,"y":-1.293939},{"x":36.79337,"y":-1.293574},{"x":36.792665,"y":-1.293407},{"x":36.791849,"y":-1.293229},{"x":36.791183,"y":-1.293083},{"x":36.790958,"y":-1.293032},{"x":36.790788,"y":-1.292997},{"x":36.790429,"y":-1.292925},{"x":36.789128,"y":-1.292636},{"x":36.78841,"y":-1.292476},{"x":36.788241,"y":-1.292443},{"x":36.787949,"y":-1.292384},{"x":36.787578,"y":-1.29229},{"x":36.787232,"y":-1.292219},{"x":36.787151,"y":-1.292211},{"x":36.786845,"y":-1.292213},{"x":36.785845,"y":-1.292254},{"x":36.785146,"y":-1.292285},{"x":36.784685,"y":-1.292316},{"x":36.78346,"y":-1.292374},{"x":36.7817,"y":-1.292469},{"x":36.780802,"y":-1.292515},{"x":36.779714,"y":-1.292569},{"x":36.779071,"y":-1.292586},{"x":36.776615,"y":-1.292703}],"speedKMH":9.56,"length":2501,"turnType":"NONE","type":"NONE","uuid":1814538082,"endNode":"Ole Odume Rd","speed":2.65555555555556,"segments":[[],[],[],[],[],[],[],[],[],[],[],[],[],[],[],[],[],[],[],[],[],[],[],[],[],[],[],[]],"roadType":7,"delay":611,"street":"Argwings Kodhek Rd","pubMillis":1665587819324},{"country":"KE","city":"Nairobi","level":3,"line":[{"x":36.772996,"y":-1.265187},{"x":36.772894,"y":-1.265016},{"x":36.772787,"y":-1.264784},{"x":36.772723,"y":-1.264604},{"x":36.772683,"y":-1.264428},{"x":36.772659,"y":-1.264256},{"x":36.772648,"y":-1.264091},{"x":36.772649,"y":-1.263931},{"x":36.772663,"y":-1.263785},{"x":36.772689,"y":-1.263634},{"x":36.772744,"y":-1.263471},{"x":36.7728,"y":-1.263319},{"x":36.772886,"y":-1.263162},{"x":36.772982,"y":-1.263017},{"x":36.773101,"y":-1.262876},{"x":36.773237,"y":-1.26273},{"x":36.773366,"y":-1.262613},{"x":36.773526,"y":-1.262489},{"x":36.773714,"y":-1.26237},{"x":36.774044,"y":-1.262183},{"x":36.77435,"y":-1.262008},{"x":36.775269,"y":-1.261499},{"x":36.7754,"y":-1.261415},{"x":36.775505,"y":-1.261328},{"x":36.775607,"y":-1.261235},{"x":36.775689,"y":-1.261128},{"x":36.775759,"y":-1.261002},{"x":36.775808,"y":-1.260869},{"x":36.775833,"y":-1.260731},{"x":36.775842,"y":-1.260582},{"x":36.775832,"y":-1.260417},{"x":36.775803,"y":-1.260239},{"x":36.77575,"y":-1.259987},{"x":36.775708,"y":-1.259851},{"x":36.775654,"y":-1.259743},{"x":36.775587,"y":-1.259674},{"x":36.775491,"y":-1.259601}],"speedKMH":10.86,"length":808,"turnType":"NONE","type":"NONE","uuid":1812884488,"speed":3.01666666666667,"segments":[[],[],[],[],[]],"roadType":6,"delay":196,"street":"James Gichuru Rd","pubMillis":1665587144343},{"country":"KE","city":"Nairobi","level":2,"line":[{"x":36.82118,"y":-1.249632},{"x":36.8211,"y":-1.249576},{"x":36.820983,"y":-1.249512},{"x":36.820847,"y":-1.249455},{"x":36.820177,"y":-1.24923},{"x":36.820035,"y":-1.249188},{"x":36.819888,"y":-1.249153},{"x":36.819612,"y":-1.249099},{"x":36.819283,"y":-1.24902},{"x":36.819115,"y":-1.248992},{"x":36.818807,"y":-1.248954},{"x":36.818605,"y":-1.248919},{"x":36.818412,"y":-1.248864},{"x":36.817924,"y":-1.248716},{"x":36.817708,"y":-1.248664},{"x":36.817508,"y":-1.248624},{"x":36.817274,"y":-1.248583},{"x":36.817106,"y":-1.24855},{"x":36.816945,"y":-1.248501},{"x":36.816807,"y":-1.248434},{"x":36.816676,"y":-1.248352},{"x":36.816539,"y":-1.248245},{"x":36.816425,"y":-1.248129},{"x":36.816314,"y":-1.248007},{"x":36.816211,"y":-1.247876},{"x":36.816135,"y":-1.247753},{"x":36.816052,"y":-1.247585},{"x":36.816002,"y":-1.247464},{"x":36.815858,"y":-1.247123},{"x":36.815629,"y":-1.246564},{"x":36.815437,"y":-1.246168},{"x":36.815313,"y":-1.24579},{"x":36.815227,"y":-1.245589},{"x":36.815048,"y":-1.245223},{"x":36.814958,"y":-1.244995},{"x":36.814873,"y":-1.244813},{"x":36.814796,"y":-1.244674},{"x":36.814719,"y":-1.244552},{"x":36.814611,"y":-1.244422},{"x":36.814233,"y":-1.244055},{"x":36.814138,"y":-1.24393},{"x":36.814074,"y":-1.243825},{"x":36.814028,"y":-1.243703},{"x":36.813993,"y":-1.243551},{"x":36.813925,"y":-1.243074},{"x":36.813872,"y":-1.242895},{"x":36.81382,"y":-1.242687},{"x":36.813757,"y":-1.24249},{"x":36.813718,"y":-1.24234},{"x":36.813674,"y":-1.24215},{"x":36.813645,"y":-1.241989},{"x":36.81362,"y":-1.241765},{"x":36.813594,"y":-1.241606},{"x":36.81356,"y":-1.241431},{"x":36.81353,"y":-1.241295},{"x":36.813483,"y":-1.241162},{"x":36.813431,"y":-1.241034},{"x":36.813364,"y":-1.240904},{"x":36.813285,"y":-1.240773},{"x":36.813187,"y":-1.240653},{"x":36.813085,"y":-1.240545}],"speedKMH":21.6,"length":1495,"turnType":"NONE","type":"NONE","uuid":1814105254,"endNode":"United Nations Ave","speed":6,"segments":[[],[],[],[]],"roadType":3,"delay":143,"street":"Limuru Rd","pubMillis":1665587648557},{"country":"KE","city":"Nairobi","level":3,"line":[{"x":36.891484,"y":-1.217198},{"x":36.891804,"y":-1.216543},{"x":36.891904,"y":-1.216336},{"x":36.892322,"y":-1.215491},{"x":36.892405,"y":-1.215297},{"x":36.892485,"y":-1.215076},{"x":36.892559,"y":-1.214834},{"x":36.892866,"y":-1.213607},{"x":36.892936,"y":-1.213374},{"x":36.892977,"y":-1.21322},{"x":36.893009,"y":-1.213061}],"speedKMH":10.76,"length":490,"turnType":"NONE","type":"NONE","uuid":1813253214,"endNode":"Mirema Drive","speed":2.98888888888889,"segments":[[],[]],"roadType":6,"delay":108,"street":"Kamiti Rd","pubMillis":1665587305371},{"country":"KE","city":"Nairobi","level":3,"line":[{"x":36.898068,"y":-1.286178},{"x":36.898466,"y":-1.285893},{"x":36.89887,"y":-1.285589},{"x":36.899449,"y":-1.285175},{"x":36.900039,"y":-1.284723},{"x":36.901022,"y":-1.284008},{"x":36.901128,"y":-1.283936},{"x":36.901488,"y":-1.283679},{"x":36.901833,"y":-1.283426},{"x":36.90203,"y":-1.28327},{"x":36.902168,"y":-1.283178},{"x":36.902266,"y":-1.283102},{"x":36.902335,"y":-1.28304},{"x":36.902395,"y":-1.28297},{"x":36.902429,"y":-1.282914}],"speedKMH":9.71,"length":606,"turnType":"NONE","type":"NONE","uuid":1814097774,"speed":2.69722222222222,"segments":[[],[],[],[],[]],"roadType":6,"delay":129,"street":"Manyanja Rd","pubMillis":1665587648223},{"country":"KE","city":"Nairobi","level":3,"line":[{"x":36.850221,"y":-1.279068},{"x":36.850241,"y":-1.279027},{"x":36.850253,"y":-1.278986},{"x":36.850253,"y":-1.278942},{"x":36.850173,"y":-1.278581},{"x":36.850116,"y":-1.278291},{"x":36.850055,"y":-1.278},{"x":36.850009,"y":-1.277768},{"x":36.849951,"y":-1.277508},{"x":36.849905,"y":-1.277308},{"x":36.849809,"y":-1.276794},{"x":36.849713,"y":-1.276347},{"x":36.849647,"y":-1.276062},{"x":36.849602,"y":-1.275833},{"x":36.849547,"y":-1.275532},{"x":36.849501,"y":-1.275319},{"x":36.849394,"y":-1.27486},{"x":36.849323,"y":-1.274434},{"x":36.849262,"y":-1.27416},{"x":36.84912,"y":-1.273569},{"x":36.84909,"y":-1.273397},{"x":36.849048,"y":-1.273168},{"x":36.848965,"y":-1.272681},{"x":36.848806,"y":-1.271993},{"x":36.848711,"y":-1.271538}],"speedKMH":8.66,"length":851,"turnType":"NONE","type":"NONE","uuid":1813668436,"endNode":"Sgt Major Kamugobe St","speed":2.40555555555556,"segments":[[],[],[],[]],"roadType":7,"delay":241,"street":"Eastleigh First Ave","pubMillis":1665587479251},{"country":"KE","city":"Nairobi","level":3,"line":[{"x":36.816407,"y":-1.312061},{"x":36.815974,"y":-1.312614},{"x":36.815864,"y":-1.312794},{"x":36.815291,"y":-1.314037},{"x":36.814995,"y":-1.31462},{"x":36.814941,"y":-1.314784},{"x":36.814896,"y":-1.31496},{"x":36.814862,"y":-1.315017},{"x":36.814699,"y":-1.315288},{"x":36.814608,"y":-1.315405},{"x":36.814484,"y":-1.315554},{"x":36.814353,"y":-1.315705},{"x":36.814175,"y":-1.31588},{"x":36.813993,"y":-1.316052},{"x":36.813743,"y":-1.316302},{"x":36.812982,"y":-1.317051},{"x":36.812531,"y":-1.317492},{"x":36.811943,"y":-1.318033},{"x":36.810929,"y":-1.319071},{"x":36.810219,"y":-1.319842},{"x":36.809916,"y":-1.320139},{"x":36.80959,"y":-1.320478},{"x":36.808294,"y":-1.321757},{"x":36.807991,"y":-1.321978},{"x":36.807826,"y":-1.322068},{"x":36.807646,"y":-1.322144},{"x":36.807284,"y":-1.322261},{"x":36.805824,"y":-1.322579},{"x":36.805333,"y":-1.322668},{"x":36.803844,"y":-1.322879},{"x":36.803171,"y":-1.322993},{"x":36.802604,"y":-1.323098},{"x":36.802222,"y":-1.323168},{"x":36.801197,"y":-1.323389},{"x":36.80083,"y":-1.323469},{"x":36.799642,"y":-1.323683},{"x":36.798409,"y":-1.323943},{"x":36.797512,"y":-1.324127},{"x":36.797319,"y":-1.324177},{"x":36.796886,"y":-1.324338},{"x":36.796262,"y":-1.324663},{"x":36.7951,"y":-1.325346},{"x":36.794749,"y":-1.325548},{"x":36.794364,"y":-1.325769},{"x":36.793679,"y":-1.326161},{"x":36.792258,"y":-1.32695},{"x":36.789924,"y":-1.328328},{"x":36.789187,"y":-1.328728},{"x":36.78854,"y":-1.329068},{"x":36.787356,"y":-1.329724},{"x":36.785726,"y":-1.330635},{"x":36.785053,"y":-1.330997},{"x":36.784366,"y":-1.331394},{"x":36.783728,"y":-1.331746}],"speedKMH":14.64,"length":4403,"turnType":"NONE","type":"MEDIUM","uuid":1813644938,"speed":4.06666666666667,"segments":[[],[],[],[],[],[],[],[],[],[],[],[],[],[],[],[],[],[],[],[],[],[],[],[]],"roadType":3,"delay":758,"street":"Langata Rd","pubMillis":1665587473741},{"country":"KE","city":"Nairobi","level":3,"line":[{"x":36.855033,"y":-1.313076},{"x":36.85511,"y":-1.312971},{"x":36.855182,"y":-1.312848},{"x":36.856177,"y":-1.310767},{"x":36.856639,"y":-1.309848},{"x":36.856677,"y":-1.309724},{"x":36.856679,"y":-1.309617}],"speedKMH":11.59,"length":426,"turnType":"NONE","type":"NONE","uuid":1814100400,"speed":3.21944444444444,"segments":[[]],"roadType":7,"delay":89,"street":"Likoni Rd","pubMillis":1665587655276},{"country":"KE","city":"Nairobi","level":3,"line":[{"x":36.807884,"y":-1.263525},{"x":36.807547,"y":-1.263575},{"x":36.80735,"y":-1.263582},{"x":36.807129,"y":-1.263559},{"x":36.80697,"y":-1.263528},{"x":36.806535,"y":-1.263369},{"x":36.806392,"y":-1.263316},{"x":36.80491,"y":-1.262731},{"x":36.804698,"y":-1.262657},{"x":36.804472,"y":-1.262564}],"speedKMH":4.04,"length":400,"turnType":"NONE","type":"NONE","uuid":1814083760,"endNode":"Ring Road Parklands","speed":1.12222222222222,"segments":[[],[],[],[],[]],"roadType":6,"delay":283,"street":"Parklands Rd","pubMillis":1665587646172},{"country":"KE","city":"Nairobi","level":4,"line":[{"x":36.774671,"y":-1.290128},{"x":36.774647,"y":-1.290217},{"x":36.77464,"y":-1.290316},{"x":36.774575,"y":-1.291489},{"x":36.774583,"y":-1.292829}],"speedKMH":3.72,"length":299,"turnType":"NONE","type":"NONE","uuid":1814556980,"endNode":"Argwings Kodhek Rd","speed":1.03333333333333,"segments":[[],[]],"roadType":7,"delay":249,"street":"Ole Odume Rd","pubMillis":1665587825059},{"country":"KE","city":"Nairobi","level":2,"line":[{"x":36.843558,"y":-1.234101},{"x":36.843541,"y":-1.233927},{"x":36.843522,"y":-1.233572},{"x":36.843497,"y":-1.233383},{"x":36.843415,"y":-1.232845},{"x":36.843386,"y":-1.232691},{"x":36.843345,"y":-1.232534},{"x":36.843298,"y":-1.232387},{"x":36.843238,"y":-1.232241},{"x":36.843168,"y":-1.23211},{"x":36.843068,"y":-1.23195},{"x":36.842964,"y":-1.2318},{"x":36.842848,"y":-1.231669},{"x":36.842735,"y":-1.231549},{"x":36.842622,"y":-1.231441},{"x":36.842195,"y":-1.231046},{"x":36.841999,"y":-1.230859},{"x":36.841738,"y":-1.230575},{"x":36.8414,"y":-1.230187},{"x":36.84128,"y":-1.230046},{"x":36.841154,"y":-1.229887},{"x":36.841034,"y":-1.229696},{"x":36.840896,"y":-1.229469},{"x":36.840785,"y":-1.229268},{"x":36.840519,"y":-1.228748},{"x":36.840331,"y":-1.228341},{"x":36.840071,"y":-1.227746},{"x":36.839544,"y":-1.226678}],"speedKMH":25.31,"length":958,"turnType":"NONE","type":"NONE","uuid":1814092148,"endNode":"Ridgeways Rd","speed":7.03055555555556,"segments":[[],[],[],[],[],[]],"roadType":6,"delay":61,"street":"Kiambu Rd","pubMillis":1665587647051},{"country":"KE","city":"Nairobi","level":3,"line":[{"x":36.822132,"y":-1.305806},{"x":36.822772,"y":-1.305643},{"x":36.823044,"y":-1.305592},{"x":36.825567,"y":-1.305229},{"x":36.825708,"y":-1.305199},{"x":36.825942,"y":-1.30509},{"x":36.826035,"y":-1.305021},{"x":36.82613,"y":-1.30493},{"x":36.826232,"y":-1.304805}],"speedKMH":14.15,"length":478,"turnType":"NONE","type":"NONE","uuid":1813648334,"speed":3.93055555555556,"segments":[[]],"roadType":3,"delay":84,"street":"Langata Rd","pubMillis":1665587474848},{"country":"KE","city":"Nairobi","level":3,"line":[{"x":36.801494,"y":-1.271681},{"x":36.801451,"y":-1.271885},{"x":36.801247,"y":-1.272399},{"x":36.800889,"y":-1.27337},{"x":36.800688,"y":-1.27395},{"x":36.800635,"y":-1.274068},{"x":36.800574,"y":-1.274163},{"x":36.800496,"y":-1.274245},{"x":36.800401,"y":-1.274316},{"x":36.800277,"y":-1.274389},{"x":36.800152,"y":-1.274441}],"speedKMH":8.77,"length":351,"turnType":"NONE","type":"NONE","uuid":1814124148,"endNode":"Laikipia Rd","speed":2.43611111111111,"segments":[[],[]],"roadType":7,"delay":114,"street":"Ring Road Kileleshwa","pubMillis":1665587655708},{"country":"KE","city":"Nairobi","level":3,"line":[{"x":36.771922,"y":-1.27597},{"x":36.771803,"y":-1.276029},{"x":36.771739,"y":-1.276082},{"x":36.771622,"y":-1.27621},{"x":36.771445,"y":-1.276334},{"x":36.771257,"y":-1.276571},{"x":36.770898,"y":-1.277164},{"x":36.770479,"y":-1.277937},{"x":36.770272,"y":-1.278282},{"x":36.770206,"y":-1.27839},{"x":36.770012,"y":-1.278728},{"x":36.769793,"y":-1.279095},{"x":36.769581,"y":-1.279422},{"x":36.769247,"y":-1.279921}],"speedKMH":13.09,"length":533,"turnType":"NONE","type":"NONE","uuid":1814565630,"speed":3.63611111111111,"segments":[[],[],[],[],[],[],[]],"roadType":6,"delay":84,"street":"James Gichuru Rd","pubMillis":1665587827111},{"country":"KE","level":3,"line":[{"x":36.856772,"y":-1.255131},{"x":36.857079,"y":-1.254865},{"x":36.857335,"y":-1.254632},{"x":36.857591,"y":-1.254385},{"x":36.85783,"y":-1.254146},{"x":36.860485,"y":-1.251397},{"x":36.863833,"y":-1.247938},{"x":36.863986,"y":-1.247803},{"x":36.8677,"y":-1.243958},{"x":36.867879,"y":-1.243774},{"x":36.868027,"y":-1.243605},{"x":36.868164,"y":-1.243433},{"x":36.868283,"y":-1.24327},{"x":36.86839,"y":-1.243112},{"x":36.868501,"y":-1.242922},{"x":36.868602,"y":-1.242733},{"x":36.86871,"y":-1.242509},{"x":36.868922,"y":-1.242038},{"x":36.869425,"y":-1.240903},{"x":36.869735,"y":-1.240164},{"x":36.870179,"y":-1.23914},{"x":36.870624,"y":-1.238119},{"x":36.870907,"y":-1.237489},{"x":36.871043,"y":-1.237214},{"x":36.871176,"y":-1.236967},{"x":36.871332,"y":-1.236702},{"x":36.871489,"y":-1.236455},{"x":36.871686,"y":-1.236176},{"x":36.871871,"y":-1.235938},{"x":36.872106,"y":-1.235664},{"x":36.872358,"y":-1.235394},{"x":36.872618,"y":-1.23514},{"x":36.872839,"y":-1.234947},{"x":36.87308,"y":-1.234748},{"x":36.877162,"y":-1.231466},{"x":36.87769,"y":-1.231024}],"speedKMH":25.93,"length":3587,"turnType":"NONE","type":"NONE","uuid":1814095548,"endNode":"SportsDrive Estate, Luxury Apartments, Kasarani, Off Exit 8 along ICIPE Rd","speed":7.20277777777778,"segments":[[],[],[],[],[]],"roadType":3,"delay":328,"startNode":"na","street":"Thika Rd","pubMillis":1665587648386},{"country":"KE","city":"Nairobi","level":2,"line":[{"x":36.82444,"y":-1.264406},{"x":36.824551,"y":-1.264148},{"x":36.824629,"y":-1.263979},{"x":36.824691,"y":-1.263839},{"x":36.824913,"y":-1.263327},{"x":36.825085,"y":-1.262939},{"x":36.82536,"y":-1.262362},{"x":36.825607,"y":-1.261854},{"x":36.826017,"y":-1.260926},{"x":36.826554,"y":-1.259784},{"x":36.826599,"y":-1.259674},{"x":36.826758,"y":-1.259287},{"x":36.826806,"y":-1.259171},{"x":36.827025,"y":-1.258649},{"x":36.827103,"y":-1.258461},{"x":36.827106,"y":-1.258362},{"x":36.827084,"y":-1.258242},{"x":36.827035,"y":-1.258136},{"x":36.826976,"y":-1.258038},{"x":36.826895,"y":-1.257951},{"x":36.826785,"y":-1.25788}],"speedKMH":20.39,"length":799,"turnType":"NONE","type":"NONE","uuid":1813657350,"speed":5.66388888888889,"segments":[[],[],[],[],[],[],[],[],[],[],[]],"roadType":3,"delay":70,"street":"Limuru Rd","pubMillis":1665587479873},{"country":"KE","city":"Nairobi","level":2,"line":[{"x":36.792955,"y":-1.297718},{"x":36.791603,"y":-1.297781},{"x":36.790589,"y":-1.297866},{"x":36.789827,"y":-1.297895},{"x":36.788092,"y":-1.29798}],"speedKMH":7.41,"length":542,"turnType":"NONE","type":"NONE","uuid":1813656698,"endNode":"Ring Road Kilimani","speed":2.05833333333333,"segments":[[],[],[],[]],"roadType":1,"delay":100,"street":"Kindaruma Rd","pubMillis":1665587478433},{"country":"KE","city":"Nairobi","level":2,"line":[{"x":36.828616,"y":-1.216286},{"x":36.82817,"y":-1.216331},{"x":36.827097,"y":-1.216412},{"x":36.826523,"y":-1.216445},{"x":36.825572,"y":-1.216481},{"x":36.823978,"y":-1.216508},{"x":36.823391,"y":-1.216499},{"x":36.822299,"y":-1.216465},{"x":36.821753,"y":-1.21644},{"x":36.821376,"y":-1.216409}],"speedKMH":13.72,"length":807,"turnType":"NONE","type":"NONE","uuid":1814091968,"endNode":"Githogoro Rd","speed":3.81111111111111,"segments":[[]],"roadType":6,"delay":130,"street":"Northern Bypass","pubMillis":1665587647153},{"country":"KE","city":"Nairobi","level":3,"line":[{"x":36.868827,"y":-1.243059},{"x":36.868655,"y":-1.243316},{"x":36.868417,"y":-1.2436},{"x":36.868275,"y":-1.243782},{"x":36.868084,"y":-1.243991},{"x":36.867778,"y":-1.244325},{"x":36.867448,"y":-1.244736},{"x":36.867334,"y":-1.244871},{"x":36.867076,"y":-1.245139},{"x":36.866971,"y":-1.245227},{"x":36.866638,"y":-1.245451},{"x":36.866487,"y":-1.245569},{"x":36.86635,"y":-1.245698},{"x":36.86605,"y":-1.246014},{"x":36.86596,"y":-1.246158},{"x":36.864563,"y":-1.247604}],"speedKMH":12.83,"length":694,"turnType":"NONE","type":"NONE","uuid":1814084802,"endNode":"Thika Rd","speed":3.56388888888889,"segments":[[],[],[]],"roadType":4,"delay":149,"pubMillis":1665587646247},{"country":"KE","city":"Nairobi","level":4,"line":[{"x":36.835659,"y":-1.273143},{"x":36.83579,"y":-1.272775},{"x":36.836089,"y":-1.272028},{"x":36.836218,"y":-1.271689},{"x":36.836486,"y":-1.270941},{"x":36.836542,"y":-1.270748},{"x":36.836572,"y":-1.270582},{"x":36.836584,"y":-1.270439},{"x":36.836586,"y":-1.270332},{"x":36.836579,"y":-1.270252}],"speedKMH":7.38,"length":338,"turnType":"NONE","type":"NONE","uuid":1814546178,"endNode":"Juja Rd","speed":2.05,"segments":[[],[],[]],"roadType":3,"delay":137,"street":"Ring Road Ngara","pubMillis":1665587824244},{"country":"KE","city":"Nairobi","level":4,"line":[{"x":36.795363,"y":-1.214719},{"x":36.794961,"y":-1.21451},{"x":36.794352,"y":-1.214159},{"x":36.794035,"y":-1.213996},{"x":36.793694,"y":-1.2138},{"x":36.793398,"y":-1.213614},{"x":36.792845,"y":-1.21328},{"x":36.792556,"y":-1.213084},{"x":36.792322,"y":-1.212897},{"x":36.792043,"y":-1.212674}],"speedKMH":3.26,"length":434,"turnType":"NONE","type":"NONE","uuid":1813645554,"speed":0.905555555555556,"segments":[[],[],[]],"roadType":3,"delay":441,"street":"Limuru Rd","pubMillis":1665587475777},{"country":"KE","city":"Nairobi","level":2,"line":[{"x":36.802712,"y":-1.298158},{"x":36.802627,"y":-1.298114},{"x":36.80254,"y":-1.298079},{"x":36.802456,"y":-1.29806},{"x":36.802369,"y":-1.29806},{"x":36.8018,"y":-1.298145},{"x":36.801336,"y":-1.298232},{"x":36.800481,"y":-1.298368},{"x":36.799345,"y":-1.298597},{"x":36.799095,"y":-1.298651},{"x":36.798735,"y":-1.298725},{"x":36.797991,"y":-1.298879},{"x":36.797681,"y":-1.298935},{"x":36.796991,"y":-1.299039},{"x":36.796483,"y":-1.299155},{"x":36.796091,"y":-1.299225},{"x":36.795706,"y":-1.299279},{"x":36.795452,"y":-1.29931},{"x":36.795243,"y":-1.299326},{"x":36.7949,"y":-1.29934},{"x":36.794644,"y":-1.299356},{"x":36.794324,"y":-1.299388},{"x":36.793921,"y":-1.299428},{"x":36.793648,"y":-1.299442}],"speedKMH":21.69,"length":1025,"turnType":"NONE","type":"NONE","uuid":1814532172,"speed":6.025,"segments":[[],[],[],[],[],[],[],[]],"roadType":3,"delay":77,"street":"Ngong Rd","pubMillis":1665587818965},{"country":"KE","city":"Nairobi","level":4,"line":[{"x":36.77443,"y":-1.296357},{"x":36.774444,"y":-1.295911},{"x":36.774489,"y":-1.295141},{"x":36.774508,"y":-1.294856},{"x":36.774583,"y":-1.292829}],"speedKMH":3.62,"length":391,"turnType":"NONE","type":"NONE","uuid":1814545162,"endNode":"Argwings Kodhek Rd","speed":1.00555555555556,"segments":[[],[],[]],"roadType":2,"delay":311,"street":"Ole Odume Rd","pubMillis":1665587822935},{"country":"KE","city":"Nairobi","level":3,"line":[{"x":36.857415,"y":-1.309557},{"x":36.859108,"y":-1.309333},{"x":36.860059,"y":-1.309207},{"x":36.860313,"y":-1.309172},{"x":36.860967,"y":-1.309093},{"x":36.861895,"y":-1.308954}],"speedKMH":13.13,"length":504,"turnType":"NONE","type":"NONE","uuid":1814537480,"endNode":"Ole Soi Rd","speed":3.64722222222222,"segments":[[],[],[],[]],"roadType":7,"delay":92,"street":"Lunga Lunga Rd","pubMillis":1665587819949},{"country":"KE","city":"Nairobi","level":3,"line":[{"x":36.787078,"y":-1.291615},{"x":36.786853,"y":-1.290201},{"x":36.78673,"y":-1.28939},{"x":36.786737,"y":-1.289325},{"x":36.786762,"y":-1.289281},{"x":36.786829,"y":-1.289234},{"x":36.786905,"y":-1.289189},{"x":36.78694,"y":-1.289155},{"x":36.786979,"y":-1.289096},{"x":36.787037,"y":-1.288956},{"x":36.78717,"y":-1.288408},{"x":36.787699,"y":-1.286328},{"x":36.787833,"y":-1.285765},{"x":36.787863,"y":-1.285637},{"x":36.787907,"y":-1.285492},{"x":36.787962,"y":-1.285376},{"x":36.787996,"y":-1.28523},{"x":36.787994,"y":-1.285158},{"x":36.787978,"y":-1.285097},{"x":36.787945,"y":-1.285029},{"x":36.7879,"y":-1.284974},{"x":36.787763,"y":-1.284863},{"x":36.787569,"y":-1.284661},{"x":36.786963,"y":-1.284226},{"x":36.786477,"y":-1.283882},{"x":36.786262,"y":-1.28375},{"x":36.785952,"y":-1.283564}],"speedKMH":8.6,"length":1035,"turnType":"NONE","type":"NONE","uuid":1812892670,"speed":2.38888888888889,"segments":[[],[],[],[],[],[],[],[],[],[],[],[],[],[]],"roadType":7,"delay":316,"street":"Cotton Ave","pubMillis":1665587146265},{"country":"TZ","city":"Kisongo","level":2,"line":[{"x":36.615253,"y":-3.380683},{"x":36.615134,"y":-3.380781},{"x":36.614882,"y":-3.380963},{"x":36.61448,"y":-3.3813},{"x":36.61383,"y":-3.381595},{"x":36.613342,"y":-3.381718},{"x":36.613122,"y":-3.381793},{"x":36.612564,"y":-3.381809},{"x":36.612167,"y":-3.381948},{"x":36.610547,"y":-3.3828},{"x":36.610327,"y":-3.382805},{"x":36.609861,"y":-3.382859},{"x":36.609716,"y":-3.382961},{"x":36.609094,"y":-3.383694},{"x":36.608697,"y":-3.384315},{"x":36.608632,"y":-3.384508},{"x":36.608622,"y":-3.38469},{"x":36.608713,"y":-3.385188},{"x":36.608702,"y":-3.385564},{"x":36.608686,"y":-3.38612},{"x":36.608766,"y":-3.387984},{"x":36.608702,"y":-3.388524},{"x":36.60823,"y":-3.39004},{"x":36.608215,"y":-3.390202},{"x":36.608096,"y":-3.39148},{"x":36.607983,"y":-3.392444},{"x":36.607935,"y":-3.393275},{"x":36.608307,"y":-3.393215},{"x":36.608289,"y":-3.394796},{"x":36.608947,"y":-3.394834},{"x":36.609553,"y":-3.394879},{"x":36.610245,"y":-3.394984},{"x":36.610234,"y":-3.395037},{"x":36.610242,"y":-3.395118},{"x":36.610288,"y":-3.395187},{"x":36.610333,"y":-3.395227},{"x":36.610435,"y":-3.395273},{"x":36.611103,"y":-3.395492},{"x":36.611562,"y":-3.395674},{"x":36.611822,"y":-3.395808},{"x":36.612562,"y":-3.39628},{"x":36.613117,"y":-3.396617},{"x":36.613563,"y":-3.396858},{"x":36.613703,"y":-3.396969}],"speedKMH":19.45,"length":2759,"turnType":"NONE","type":"NONE","uuid":1813298020,"speed":5.40277777777778,"segments":[[],[],[],[],[],[],[]],"roadType":1,"delay":335,"pubMillis":1665587315736},{"country":"KE","city":"Nairobi","level":2,"line":[{"x":36.902651,"y":-1.282768},{"x":36.902706,"y":-1.282781},{"x":36.902761,"y":-1.282788},{"x":36.902816,"y":-1.282784},{"x":36.902873,"y":-1.282773},{"x":36.903023,"y":-1.282691},{"x":36.904046,"y":-1.282131},{"x":36.904472,"y":-1.281911},{"x":36.904969,"y":-1.281643},{"x":36.905126,"y":-1.281546},{"x":36.905268,"y":-1.281413},{"x":36.905385,"y":-1.281283},{"x":36.9055,"y":-1.281101},{"x":36.905693,"y":-1.280747},{"x":36.905892,"y":-1.280352},{"x":36.905946,"y":-1.280243},{"x":36.90605,"y":-1.279979},{"x":36.906111,"y":-1.279866},{"x":36.906196,"y":-1.279757},{"x":36.90631,"y":-1.279649},{"x":36.907049,"y":-1.279009}],"speedKMH":8.99,"length":668,"turnType":"NONE","type":"NONE","uuid":1814562842,"speed":2.49722222222222,"segments":[[],[],[],[],[],[],[],[]],"roadType":6,"delay":125,"street":"Kayole Spine Rd","pubMillis":1665587825797},{"country":"KE","city":"Nairobi","level":1,"line":[{"x":36.806868,"y":-1.256577},{"x":36.806946,"y":-1.256618},{"x":36.810262,"y":-1.257604}],"speedKMH":8.81,"length":395,"turnType":"NONE","type":"NONE","uuid":1812868602,"endNode":"Mpaka Rd","speed":2.44722222222222,"segments":[[]],"roadType":1,"delay":62,"street":"General Mathenge Dr","pubMillis":1665587140736},{"country":"KE","city":"Nairobi","level":4,"line":[{"x":36.803652,"y":-1.27253},{"x":36.803433,"y":-1.272555},{"x":36.803172,"y":-1.272491},{"x":36.802533,"y":-1.272274},{"x":36.802171,"y":-1.272109},{"x":36.801921,"y":-1.271959},{"x":36.801494,"y":-1.271681}],"speedKMH":4.01,"length":263,"turnType":"NONE","type":"NONE","uuid":1813659246,"endNode":"Ring Road Kileleshwa","speed":1.11388888888889,"segments":[[],[],[]],"roadType":2,"delay":207,"street":"Riverside Dr","pubMillis":1665587477617},{"country":"KE","city":"Nairobi","level":2,"line":[{"x":36.888604,"y":-1.216225},{"x":36.891484,"y":-1.217198}],"speedKMH":7.12,"length":338,"turnType":"NONE","type":"NONE","uuid":1813280162,"endNode":"Kamiti Rd","speed":1.97777777777778,"segments":[[]],"roadType":1,"delay":103,"street":"Lumumba Dr","pubMillis":1665587312758},{"country":"KE","city":"Nairobi","level":3,"line":[{"x":36.817585,"y":-1.286616},{"x":36.817565,"y":-1.286786},{"x":36.817585,"y":-1.28686},{"x":36.818113,"y":-1.287931},{"x":36.818542,"y":-1.288789},{"x":36.819655,"y":-1.291095},{"x":36.819889,"y":-1.291547},{"x":36.820064,"y":-1.291914},{"x":36.82028,"y":-1.292313},{"x":36.820359,"y":-1.292435},{"x":36.820409,"y":-1.292506}],"speedKMH":14.02,"length":726,"turnType":"NONE","type":"NONE","uuid":1814544540,"speed":3.89444444444444,"segments":[[],[],[],[],[]],"roadType":3,"delay":137,"street":"Uhuru Highway","pubMillis":1665587823582},{"country":"KE","city":"Kiambu","level":2,"line":[{"x":36.777191,"y":-1.164147},{"x":36.777317,"y":-1.163459},{"x":36.777476,"y":-1.162594},{"x":36.774708,"y":-1.16158},{"x":36.774247,"y":-1.161164},{"x":36.774412,"y":-1.161011},{"x":36.773423,"y":-1.159926},{"x":36.772774,"y":-1.159215},{"x":36.772808,"y":-1.159186}],"speedKMH":17.38,"length":871,"turnType":"NONE","type":"NONE","uuid":1814581268,"speed":4.82777777777778,"segments":[[],[],[],[],[],[],[]],"roadType":1,"delay":118,"pubMillis":1665587833397},{"country":"KE","city":"Nairobi","level":3,"line":[{"x":36.901488,"y":-1.283679},{"x":36.901128,"y":-1.283936},{"x":36.901022,"y":-1.284008},{"x":36.900039,"y":-1.284723},{"x":36.899598,"y":-1.28506}],"speedKMH":6.89,"length":259,"turnType":"NONE","type":"NONE","uuid":1814544538,"speed":1.91388888888889,"segments":[[],[]],"roadType":6,"delay":88,"street":"Manyanja Rd","pubMillis":1665587823599},{"country":"KE","city":"Nairobi","level":2,"line":[{"x":36.753949,"y":-1.289369},{"x":36.753481,"y":-1.289363},{"x":36.753333,"y":-1.289347},{"x":36.753096,"y":-1.289289},{"x":36.752767,"y":-1.289189},{"x":36.7505,"y":-1.288252}],"speedKMH":8.82,"length":407,"turnType":"NONE","type":"NONE","uuid":1814107996,"speed":2.45,"segments":[[],[]],"roadType":7,"delay":87,"street":"Gitanga Rd","pubMillis":1665587653617},{"country":"KE","city":"Nairobi","level":3,"line":[{"x":36.772108,"y":-1.275775},{"x":36.772145,"y":-1.275875},{"x":36.77218,"y":-1.275926},{"x":36.772361,"y":-1.276115},{"x":36.772584,"y":-1.276378},{"x":36.772793,"y":-1.276806},{"x":36.772942,"y":-1.277168},{"x":36.773084,"y":-1.277416},{"x":36.773162,"y":-1.27753},{"x":36.773284,"y":-1.277677},{"x":36.773378,"y":-1.27777},{"x":36.773883,"y":-1.278115},{"x":36.774289,"y":-1.278291},{"x":36.774845,"y":-1.278407},{"x":36.776534,"y":-1.278631},{"x":36.777778,"y":-1.278913},{"x":36.778748,"y":-1.279016},{"x":36.77897,"y":-1.279058},{"x":36.779059,"y":-1.279089},{"x":36.779149,"y":-1.279123},{"x":36.779384,"y":-1.279249},{"x":36.779961,"y":-1.279614},{"x":36.781666,"y":-1.280751}],"speedKMH":9.38,"length":1265,"turnType":"NONE","type":"NONE","uuid":1814102812,"endNode":"Gatundu Rd","speed":2.60555555555556,"segments":[[],[],[],[],[]],"roadType":7,"delay":358,"street":"Olenguruone Rd","pubMillis":1665587651941},{"country":"KE","city":"Nairobi","level":4,"line":[{"x":36.828471,"y":-1.309372},{"x":36.826633,"y":-1.30545},{"x":36.826572,"y":-1.305342},{"x":36.826506,"y":-1.305255},{"x":36.826458,"y":-1.30521}],"speedKMH":3.31,"length":513,"turnType":"NONE","type":"MEDIUM","uuid":1812873072,"speed":0.919444444444444,"segments":[[]],"roadType":3,"delay":522,"street":"Mombasa Rd","pubMillis":1665587138404},{"country":"KE","city":"Nairobi","level":4,"line":[{"x":36.756435,"y":-1.300652},{"x":36.757785,"y":-1.300147},{"x":36.758231,"y":-1.299908},{"x":36.758773,"y":-1.299667},{"x":36.759924,"y":-1.29925}],"speedKMH":6.64,"length":419,"turnType":"NONE","type":"NONE","uuid":1814592470,"endNode":"Naivasha Rd","speed":1.84444444444444,"segments":[[]],"roadType":3,"delay":194,"street":"Ngong Rd","pubMillis":1665587837325},{"country":"KE","city":"Nairobi","level":3,"line":[{"x":36.810306,"y":-1.28947},{"x":36.810466,"y":-1.289437},{"x":36.811147,"y":-1.289326},{"x":36.811503,"y":-1.289277},{"x":36.811781,"y":-1.289222},{"x":36.81206,"y":-1.289108},{"x":36.812471,"y":-1.28891},{"x":36.812952,"y":-1.288653},{"x":36.814593,"y":-1.287855},{"x":36.816952,"y":-1.286689},{"x":36.817037,"y":-1.286634},{"x":36.817152,"y":-1.286504}],"speedKMH":11.91,"length":836,"turnType":"NONE","type":"NONE","uuid":1814565590,"speed":3.30833333333333,"segments":[[],[],[],[],[],[]],"roadType":6,"delay":176,"street":"Kenyatta Ave","pubMillis":1665587830956},{"country":"KE","city":"Nairobi","level":4,"line":[{"x":36.769733,"y":-1.289969},{"x":36.770694,"y":-1.290009},{"x":36.770768,"y":-1.290012},{"x":36.771116,"y":-1.290023},{"x":36.771526,"y":-1.290042}],"speedKMH":1.62,"length":200,"turnType":"NONE","type":"NONE","uuid":1812859952,"endNode":"Muthangari Rd","speed":0.45,"segments":[[],[],[],[]],"roadType":7,"delay":418,"street":"Gitanga Rd","pubMillis":1665587136880},{"country":"KE","city":"Nairobi","level":2,"line":[{"x":36.81127,"y":-1.273784},{"x":36.811586,"y":-1.273992},{"x":36.811865,"y":-1.274209},{"x":36.812116,"y":-1.274444},{"x":36.812379,"y":-1.27472},{"x":36.8127,"y":-1.275087},{"x":36.812976,"y":-1.275446},{"x":36.813206,"y":-1.275804},{"x":36.81343,"y":-1.27624},{"x":36.813623,"y":-1.276698},{"x":36.81378,"y":-1.277169},{"x":36.813943,"y":-1.277685},{"x":36.814042,"y":-1.278168},{"x":36.814182,"y":-1.279256},{"x":36.814242,"y":-1.279555},{"x":36.814339,"y":-1.279944},{"x":36.814391,"y":-1.280149},{"x":36.814561,"y":-1.280573}],"speedKMH":24.1,"length":865,"turnType":"NONE","type":"NONE","uuid":1814107998,"speed":6.69444444444444,"segments":[[],[],[]],"roadType":3,"delay":73,"street":"Uhuru Highway","pubMillis":1665587653650}]}
