{"alerts":[{"country":"KE","city":"Nairobi","reportRating":1,"confidence":0,"reliability":5,"type":"JAM","uuid":"b4a2fdfe-7212-41fa-9019-83191c2366a7","roadType":3,"magvar":256,"subtype":"JAM_HEAVY_TRAFFIC","street":"Langata Rd","location":{"x":36.806752,"y":-1.322358},"pubMillis":1665587789000},{"country":"KE","city":"Nairobi","reportRating":1,"confidence":0,"reliability":6,"type":"JAM","uuid":"61f5a707-2e28-4b14-85c2-f04863c5e257","roadType":1,"magvar":332,"subtype":"JAM_STAND_STILL_TRAFFIC","street":"Kayole Spine Rd","location":{"x":36.898037,"y":-1.274101},"pubMillis":1665587449000},{"country":"KE","roadType":4,"magvar":207,"subtype":"JAM_HEAVY_TRAFFIC","city":"Nairobi","reportRating":1,"confidence":0,"reliability":5,"location":{"x":36.81564,"y":-1.31351},"type":"JAM","uuid":"3af0128f-de94-43bc-8877-7908e7d80647","pubMillis":1665587563000},{"country":"KE","city":"Nairobi","reportRating":0,"confidence":0,"reliability":5,"type":"JAM","uuid":"d2014731-910d-4178-b3cd-6347f833465e","roadType":3,"magvar":359,"subtype":"","street":"Outer Ring Rd","location":{"x":36.885798,"y":-1.293292},"pubMillis":1665588055000},{"country":"KE","city":"Nairobi","reportRating":0,"confidence":0,"reliability":5,"type":"JAM","uuid":"55d1a6d8-1b5e-42e9-ae32-3c3c19fe5997","roadType":3,"magvar":346,"subtype":"","street":"Outer Ring Rd","location":{"x":36.881507,"y":-1.273183},"pubMillis":1665587432000},{"country":"KE","city":"Nairobi","reportRating":2,"confidence":0,"reliability":5,"type":"JAM","uuid":"6a807fb8-4edb-4955-9269-0f15cf122604","roadType":3,"magvar":349,"subtype":"JAM_STAND_STILL_TRAFFIC","street":"Nairobi Expressway","location":{"x":36.813791,"y":-1.278104},"pubMillis":1665587860000}],"endTimeMillis":1665588480000,"startTimeMillis":1665588420000,"startTime":"2022-10-12 15:27:00:000","endTime":"2022-10-12 15:28:00:000","jams":[{"country":"KE","city":"Nairobi","level":1,"line":[{"x":36.807558,"y":-1.276536},{"x":36.807495,"y":-1.27648},{"x":36.807371,"y":-1.27642},{"x":36.807132,"y":-1.276361},{"x":36.807028,"y":-1.276357},{"x":36.805781,"y":-1.276652},{"x":36.804494,"y":-1.276936},{"x":36.804357,"y":-1.276904},{"x":36.804247,"y":-1.276845},{"x":36.804136,"y":-1.276717},{"x":36.803905,"y":-1.276221},{"x":36.803551,"y":-1.275803},{"x":36.803439,"y":-1.275602},{"x":36.803218,"y":-1.2751},{"x":36.802664,"y":-1.274295},{"x":36.802568,"y":-1.274176},{"x":36.802476,"y":-1.274128},{"x":36.802354,"y":-1.274124},{"x":36.802117,"y":-1.274174},{"x":36.801119,"y":-1.274324},{"x":36.80098,"y":-1.274327},{"x":36.800855,"y":-1.274307},{"x":36.800752,"y":-1.274268},{"x":36.800574,"y":-1.274163}],"speedKMH":18.69,"length":963,"turnType":"NONE","type":"NONE","uuid":1811305974,"endNode":"Ring Road Kileleshwa","speed":5.19166666666667,"segments":[[]],"roadType":1,"delay":89,"street":"Arboretum Rd","pubMillis":1665586471487},{"country":"KE","city":"Nairobi","level":3,"line":[{"x":36.775854,"y":-1.25957},{"x":36.775799,"y":-1.259659},{"x":36.775772,"y":-1.259753},{"x":36.775757,"y":-1.259854},{"x":36.77575,"y":-1.259987},{"x":36.775803,"y":-1.260239},{"x":36.775832,"y":-1.260417},{"x":36.775842,"y":-1.260582},{"x":36.775833,"y":-1.260731},{"x":36.775808,"y":-1.260869},{"x":36.775759,"y":-1.261002},{"x":36.775689,"y":-1.261128},{"x":36.775607,"y":-1.261235},{"x":36.775505,"y":-1.261328},{"x":36.7754,"y":-1.261415},{"x":36.775269,"y":-1.261499},{"x":36.77435,"y":-1.262008},{"x":36.774044,"y":-1.262183},{"x":36.773714,"y":-1.26237},{"x":36.773526,"y":-1.262489},{"x":36.773366,"y":-1.262613},{"x":36.773237,"y":-1.26273},{"x":36.773101,"y":-1.262876},{"x":36.772982,"y":-1.263017},{"x":36.772886,"y":-1.263162},{"x":36.7728,"y":-1.263319},{"x":36.772744,"y":-1.263471},{"x":36.772689,"y":-1.263634},{"x":36.772663,"y":-1.263785},{"x":36.772649,"y":-1.263931},{"x":36.772648,"y":-1.264091},{"x":36.772659,"y":-1.264256},{"x":36.772683,"y":-1.264428},{"x":36.772723,"y":-1.264604},{"x":36.772787,"y":-1.264784},{"x":36.772894,"y":-1.265016},{"x":36.772996,"y":-1.265187},{"x":36.773334,"y":-1.265686},{"x":36.773677,"y":-1.266207},{"x":36.774012,"y":-1.266689},{"x":36.774711,"y":-1.267711},{"x":36.774867,"y":-1.267951},{"x":36.774993,"y":-1.268153},{"x":36.775151,"y":-1.268452},{"x":36.775217,"y":-1.268616},{"x":36.775316,"y":-1.268958},{"x":36.775346,"y":-1.269168},{"x":36.775356,"y":-1.269384},{"x":36.775347,"y":-1.269587},{"x":36.775292,"y":-1.270112},{"x":36.775254,"y":-1.270812},{"x":36.775214,"y":-1.271013}],"speedKMH":28.27,"length":1524,"turnType":"NONE","type":"NONE","uuid":1816384454,"endNode":"Mbabane Rd","speed":7.85277777777778,"segments":[[],[],[],[],[],[],[]],"roadType":6,"delay":75,"street":"James Gichuru Rd","pubMillis":1665588529352},{"country":"KE","city":"Nairobi","level":2,"line":[{"x":36.761344,"y":-1.298872},{"x":36.761357,"y":-1.29848},{"x":36.761367,"y":-1.297522},{"x":36.761368,"y":-1.297233},{"x":36.761395,"y":-1.295992},{"x":36.761429,"y":-1.295498},{"x":36.761515,"y":-1.292572}],"speedKMH":15.5,"length":697,"turnType":"NONE","type":"NONE","uuid":1816333764,"endNode":"James Gichuru Rd","speed":4.30555555555556,"segments":[[],[],[],[],[]],"roadType":6,"delay":87,"street":"Kingara Rd","pubMillis":1665588517610},{"country":"KE","city":"Nairobi","level":4,"line":[{"x":36.819485,"y":-1.285438},{"x":36.819835,"y":-1.285267},{"x":36.820518,"y":-1.284918},{"x":36.820683,"y":-1.284821},{"x":36.820907,"y":-1.284718},{"x":36.821377,"y":-1.284465},{"x":36.821605,"y":-1.28437},{"x":36.822006,"y":-1.284183},{"x":36.822736,"y":-1.28381}],"speedKMH":4.69,"length":405,"turnType":"NONE","type":"NONE","uuid":1816348228,"endNode":"Moi Ave","speed":1.30277777777778,"segments":[[],[],[],[],[]],"roadType":6,"delay":268,"street":"Kenyatta Ave","pubMillis":1665588517287},{"country":"KE","level":3,"line":[{"x":36.99194,"y":-1.442403},{"x":36.992081,"y":-1.4427},{"x":36.993068,"y":-1.443},{"x":36.992993,"y":-1.443327},{"x":36.99493,"y":-1.444378},{"x":36.995265,"y":-1.443802},{"x":36.995559,"y":-1.443296},{"x":36.995871,"y":-1.442761},{"x":36.996049,"y":-1.442454},{"x":36.99617,"y":-1.442246},{"x":36.996367,"y":-1.441908},{"x":36.996496,"y":-1.441686},{"x":36.996683,"y":-1.441381}],"speedKMH":10.83,"length":818,"turnType":"NONE","type":"NONE","uuid":1815908596,"endNode":"Mavoko","speed":3.00833333333333,"segments":[[],[],[],[],[],[],[],[],[],[],[],[]],"roadType":1,"delay":213,"startNode":"Mavoko","pubMillis":1665588348321},{"country":"KE","city":"Nairobi","level":3,"line":[{"x":36.859861,"y":-1.252467},{"x":36.858639,"y":-1.253726}],"speedKMH":5.58,"length":195,"turnType":"NONE","type":"NONE","uuid":1816431496,"endNode":"Utalii Ln","speed":1.55,"segments":[[]],"roadType":1,"delay":103,"pubMillis":1665588532452},{"country":"KE","city":"Mombasa","level":3,"line":[{"x":39.670691,"y":-4.043068},{"x":39.671806,"y":-4.042836},{"x":39.673784,"y":-4.042486},{"x":39.674207,"y":-4.042423},{"x":39.674899,"y":-4.042302},{"x":39.675418,"y":-4.042178},{"x":39.675802,"y":-4.042055},{"x":39.676353,"y":-4.041839},{"x":39.677365,"y":-4.041367},{"x":39.677776,"y":-4.041124}],"speedKMH":12.54,"length":822,"turnType":"NONE","type":"NONE","uuid":1815937522,"speed":3.48333333333333,"segments":[[],[]],"roadType":3,"delay":161,"street":"Nyali Rd","pubMillis":1665588355589},{"country":"KE","city":"Nairobi","level":4,"line":[{"x":36.814892,"y":-1.281664},{"x":36.814459,"y":-1.280806},{"x":36.814307,"y":-1.280423},{"x":36.814199,"y":-1.28011},{"x":36.814086,"y":-1.279721},{"x":36.813997,"y":-1.279325},{"x":36.81392,"y":-1.278895},{"x":36.813792,"y":-1.27801},{"x":36.813713,"y":-1.277621},{"x":36.813627,"y":-1.277277},{"x":36.813531,"y":-1.276978},{"x":36.813356,"y":-1.276566},{"x":36.813238,"y":-1.276333},{"x":36.813104,"y":-1.276116},{"x":36.812919,"y":-1.275853},{"x":36.812737,"y":-1.275625},{"x":36.812479,"y":-1.275373},{"x":36.812201,"y":-1.275118},{"x":36.811757,"y":-1.274761},{"x":36.811298,"y":-1.274398}],"speedKMH":5.4,"length":928,"turnType":"NONE","type":"NONE","uuid":1815045344,"speed":1.5,"segments":[[]],"roadType":3,"delay":1936,"street":"Nairobi Expressway","pubMillis":1665588015173},{"country":"KE","city":"Nairobi","level":3,"line":[{"x":36.855033,"y":-1.313076},{"x":36.85511,"y":-1.312971},{"x":36.855182,"y":-1.312848},{"x":36.856177,"y":-1.310767},{"x":36.856639,"y":-1.309848},{"x":36.856677,"y":-1.309724},{"x":36.856679,"y":-1.309617}],"speedKMH":10.1,"length":426,"turnType":"NONE","type":"NONE","uuid":1814100400,"speed":2.80555555555556,"segments":[[]],"roadType":7,"delay":109,"street":"Likoni Rd","pubMillis":1665587655276},{"country":"KE","city":"Nairobi","level":2,"line":[{"x":36.775659,"y":-1.285138},{"x":36.77394,"y":-1.285673},{"x":36.77341,"y":-1.285877},{"x":36.773354,"y":-1.285906},{"x":36.773309,"y":-1.285951},{"x":36.773235,"y":-1.286053},{"x":36.773208,"y":-1.28611},{"x":36.773195,"y":-1.286172},{"x":36.773079,"y":-1.287996},{"x":36.772992,"y":-1.289113},{"x":36.77295,"y":-1.290099}],"speedKMH":18.37,"length":740,"turnType":"NONE","type":"NONE","uuid":1815911788,"endNode":"Gitanga Rd","speed":5.10277777777778,"segments":[[],[]],"roadType":1,"delay":62,"street":"Othaya Rd","pubMillis":1665588348548},{"country":"KE","city":"Nairobi","level":2,"line":[{"x":36.808591,"y":-1.296271},{"x":36.808172,"y":-1.296548},{"x":36.8078,"y":-1.296755},{"x":36.80748,"y":-1.296949},{"x":36.807371,"y":-1.297002},{"x":36.8071,"y":-1.297091},{"x":36.806892,"y":-1.297142},{"x":36.806461,"y":-1.29721},{"x":36.805053,"y":-1.297507},{"x":36.80424,"y":-1.297682},{"x":36.803441,"y":-1.297866},{"x":36.80335,"y":-1.297898},{"x":36.803285,"y":-1.297946},{"x":36.803219,"y":-1.298012},{"x":36.803156,"y":-1.298093}],"speedKMH":18.2,"length":647,"turnType":"NONE","type":"NONE","uuid":1815948460,"speed":5.05555555555556,"segments":[[],[],[]],"roadType":3,"delay":61,"street":"Ngong Rd","pubMillis":1665588357146},{"country":"KE","city":"Nairobi","level":4,"line":[{"x":36.771922,"y":-1.27597},{"x":36.771803,"y":-1.276029},{"x":36.771739,"y":-1.276082},{"x":36.771622,"y":-1.27621},{"x":36.771445,"y":-1.276334},{"x":36.771257,"y":-1.276571},{"x":36.770898,"y":-1.277164},{"x":36.770479,"y":-1.277937},{"x":36.770272,"y":-1.278282},{"x":36.770206,"y":-1.27839},{"x":36.770012,"y":-1.278728},{"x":36.769793,"y":-1.279095},{"x":36.769581,"y":-1.279422},{"x":36.769247,"y":-1.279921}],"speedKMH":5.82,"length":533,"turnType":"NONE","type":"NONE","uuid":1814565630,"speed":1.61666666666667,"segments":[[],[],[],[],[],[],[]],"roadType":6,"delay":267,"street":"James Gichuru Rd","pubMillis":1665587827111},{"country":"KE","city":"Nairobi","level":2,"line":[{"x":36.888901,"y":-1.305703},{"x":36.888574,"y":-1.304973},{"x":36.888318,"y":-1.304259},{"x":36.88786,"y":-1.302851},{"x":36.887517,"y":-1.301622},{"x":36.887323,"y":-1.300805},{"x":36.887057,"y":-1.299598},{"x":36.886344,"y":-1.296124}],"speedKMH":28.75,"length":1099,"turnType":"NONE","type":"NONE","uuid":1816391124,"speed":7.98611111111111,"segments":[[]],"roadType":3,"delay":110,"street":"Outer Ring Rd","pubMillis":1665588532775},{"country":"KE","city":"Nairobi","level":4,"line":[{"x":36.790242,"y":-1.284987},{"x":36.789609,"y":-1.285129},{"x":36.788754,"y":-1.2853}],"speedKMH":2.64,"length":169,"turnType":"NONE","type":"NONE","uuid":1807216110,"endNode":"Cotton Ave","speed":0.733333333333333,"segments":[[],[]],"roadType":2,"delay":206,"street":"Dennis Pritt Rd","pubMillis":1665584651817},{"country":"KE","city":"Nairobi","level":3,"line":[{"x":36.831699,"y":-1.21588},{"x":36.8313,"y":-1.215937},{"x":36.830146,"y":-1.216109},{"x":36.829519,"y":-1.216192},{"x":36.828616,"y":-1.216286},{"x":36.82817,"y":-1.216331},{"x":36.827097,"y":-1.216412},{"x":36.826523,"y":-1.216445},{"x":36.825572,"y":-1.216481},{"x":36.823978,"y":-1.216508},{"x":36.823391,"y":-1.216499},{"x":36.822299,"y":-1.216465},{"x":36.821753,"y":-1.21644},{"x":36.821376,"y":-1.216409}],"speedKMH":16.84,"length":1153,"turnType":"NONE","type":"NONE","uuid":1814091968,"endNode":"Githogoro Rd","speed":4.67777777777778,"segments":[[],[]],"roadType":6,"delay":145,"street":"Northern Bypass","pubMillis":1665587647153},{"country":"KE","level":3,"line":[{"x":36.979183,"y":-1.439182},{"x":36.979575,"y":-1.439454},{"x":36.980271,"y":-1.439982},{"x":36.981124,"y":-1.440524},{"x":36.981793,"y":-1.440888},{"x":36.982323,"y":-1.441207},{"x":36.982677,"y":-1.441396},{"x":36.983712,"y":-1.441892},{"x":36.985333,"y":-1.442615},{"x":36.98574,"y":-1.442779},{"x":36.986226,"y":-1.44293},{"x":36.986703,"y":-1.443057},{"x":36.987182,"y":-1.443151},{"x":36.987706,"y":-1.443226},{"x":36.988428,"y":-1.443302},{"x":36.989285,"y":-1.443387},{"x":36.989684,"y":-1.443423},{"x":36.990278,"y":-1.443485}],"speedKMH":14.99,"length":1346,"turnType":"NONE","type":"NONE","uuid":1814977998,"endNode":"Mavoko","speed":4.16388888888889,"segments":[[],[],[],[]],"roadType":3,"delay":229,"startNode":"Athi River","street":"A8","pubMillis":1665587991957},{"country":"KE","city":"Nairobi","level":3,"line":[{"x":36.801705,"y":-1.268611},{"x":36.801698,"y":-1.268508},{"x":36.801679,"y":-1.268371},{"x":36.801599,"y":-1.268082},{"x":36.801331,"y":-1.267333},{"x":36.801001,"y":-1.266456},{"x":36.800932,"y":-1.266348},{"x":36.80085,"y":-1.266136},{"x":36.800826,"y":-1.266042},{"x":36.800805,"y":-1.265892},{"x":36.800825,"y":-1.265764},{"x":36.800856,"y":-1.265682},{"x":36.800924,"y":-1.265538},{"x":36.80099,"y":-1.265459},{"x":36.801109,"y":-1.265367}],"speedKMH":10.11,"length":387,"turnType":"NONE","type":"NONE","uuid":1816349408,"speed":2.80833333333333,"segments":[[],[],[],[],[],[],[]],"roadType":7,"delay":98,"street":"Ring Road Kileleshwa","pubMillis":1665588521531},{"country":"KE","city":"Nairobi","level":1,"line":[{"x":36.806616,"y":-1.256451},{"x":36.806521,"y":-1.256405},{"x":36.805196,"y":-1.256016},{"x":36.803288,"y":-1.255352},{"x":36.80269,"y":-1.25515},{"x":36.802302,"y":-1.254989}],"speedKMH":7.64,"length":507,"turnType":"NONE","type":"NONE","uuid":1815433872,"endNode":"Peponi Rd","speed":2.12222222222222,"segments":[[]],"roadType":2,"delay":112,"street":"General Mathenge Dr","pubMillis":1665588170191},{"country":"KE","city":"Nairobi","level":2,"line":[{"x":36.894053,"y":-1.219988},{"x":36.894366,"y":-1.219754},{"x":36.895194,"y":-1.219089},{"x":36.895616,"y":-1.218757},{"x":36.895817,"y":-1.218604},{"x":36.896137,"y":-1.218352},{"x":36.896457,"y":-1.218082},{"x":36.896872,"y":-1.217755},{"x":36.897067,"y":-1.217625},{"x":36.897224,"y":-1.217543},{"x":36.897331,"y":-1.217496},{"x":36.897417,"y":-1.217474},{"x":36.897524,"y":-1.217455},{"x":36.897678,"y":-1.217451},{"x":36.89784,"y":-1.217474},{"x":36.898039,"y":-1.217521},{"x":36.8996,"y":-1.217938},{"x":36.899907,"y":-1.218025},{"x":36.90087,"y":-1.21828},{"x":36.902599,"y":-1.218761}],"speedKMH":14.01,"length":1063,"turnType":"NONE","type":"NONE","uuid":1815884812,"speed":3.89166666666667,"segments":[[],[],[],[],[],[],[]],"roadType":6,"delay":123,"street":"Kasarani Rd","pubMillis":1665588342408},{"country":"KE","city":"Nairobi","level":3,"line":[{"x":36.907049,"y":-1.279009},{"x":36.907446,"y":-1.278665},{"x":36.907621,"y":-1.278498},{"x":36.907847,"y":-1.278256},{"x":36.907963,"y":-1.278117},{"x":36.908071,"y":-1.27795},{"x":36.908164,"y":-1.277766},{"x":36.90827,"y":-1.277533},{"x":36.908591,"y":-1.276559},{"x":36.90864,"y":-1.276437},{"x":36.908697,"y":-1.27633},{"x":36.908771,"y":-1.276224},{"x":36.908845,"y":-1.276137},{"x":36.909344,"y":-1.275686},{"x":36.910233,"y":-1.274901},{"x":36.910383,"y":-1.274752},{"x":36.910485,"y":-1.274618},{"x":36.910573,"y":-1.274459},{"x":36.910659,"y":-1.274262},{"x":36.910733,"y":-1.274049},{"x":36.910793,"y":-1.273849},{"x":36.910918,"y":-1.27337},{"x":36.911043,"y":-1.272969}],"speedKMH":6.88,"length":825,"turnType":"NONE","type":"NONE","uuid":1814562842,"endNode":"Kayole","speed":1.91111111111111,"segments":[[],[],[],[],[],[]],"roadType":6,"delay":282,"street":"Kayole Spine Rd","pubMillis":1665587825797},{"country":"KE","city":"Nairobi","level":4,"line":[{"x":36.849173,"y":-1.27345},{"x":36.849189,"y":-1.27357},{"x":36.849304,"y":-1.274026},{"x":36.84933,"y":-1.274143},{"x":36.849387,"y":-1.274408},{"x":36.849445,"y":-1.274737},{"x":36.849467,"y":-1.274847},{"x":36.849495,"y":-1.274981},{"x":36.849587,"y":-1.275372},{"x":36.849624,"y":-1.275545}],"speedKMH":4.67,"length":237,"turnType":"NONE","type":"NONE","uuid":1815447686,"endNode":"Eighth St","speed":1.29722222222222,"segments":[[],[],[]],"roadType":7,"delay":155,"street":"Eastleigh First Ave","pubMillis":1665588172239},{"country":"KE","city":"Nairobi","level":1,"line":[{"x":36.743214,"y":-1.288656},{"x":36.744031,"y":-1.289214},{"x":36.74548,"y":-1.290236},{"x":36.746246,"y":-1.290766},{"x":36.746711,"y":-1.291099},{"x":36.746949,"y":-1.291262},{"x":36.747129,"y":-1.29137},{"x":36.747285,"y":-1.291454},{"x":36.747442,"y":-1.291528},{"x":36.74759,"y":-1.291585},{"x":36.748272,"y":-1.291786},{"x":36.750144,"y":-1.292292},{"x":36.751184,"y":-1.292603},{"x":36.751596,"y":-1.292682},{"x":36.752737,"y":-1.293031},{"x":36.753078,"y":-1.29317},{"x":36.75325,"y":-1.293262},{"x":36.753446,"y":-1.293385},{"x":36.753654,"y":-1.293547},{"x":36.7546,"y":-1.294374},{"x":36.755038,"y":-1.294756},{"x":36.755221,"y":-1.294935},{"x":36.755438,"y":-1.295167},{"x":36.755668,"y":-1.295478},{"x":36.755923,"y":-1.295914},{"x":36.756409,"y":-1.296766},{"x":36.756607,"y":-1.297118},{"x":36.756709,"y":-1.297278},{"x":36.756825,"y":-1.297433},{"x":36.75693,"y":-1.297549},{"x":36.757192,"y":-1.297755},{"x":36.757353,"y":-1.297847},{"x":36.757533,"y":-1.297932},{"x":36.757697,"y":-1.297991},{"x":36.758072,"y":-1.298086}],"speedKMH":18.16,"length":2021,"turnType":"NONE","type":"NONE","uuid":1815442624,"endNode":"Ngong Rd","speed":5.04444444444444,"segments":[[],[],[],[],[],[],[],[],[]],"roadType":3,"delay":154,"street":"Naivasha Rd","pubMillis":1665588170129},{"country":"KE","city":"Nairobi","level":2,"line":[{"x":36.790353,"y":-1.211162},{"x":36.789967,"y":-1.21078},{"x":36.789483,"y":-1.210329},{"x":36.789381,"y":-1.210225},{"x":36.78906,"y":-1.209929},{"x":36.788452,"y":-1.209352},{"x":36.78823,"y":-1.209135},{"x":36.787996,"y":-1.208917},{"x":36.787785,"y":-1.208719},{"x":36.787342,"y":-1.208258},{"x":36.787027,"y":-1.207968},{"x":36.786732,"y":-1.207728}],"speedKMH":12.42,"length":553,"turnType":"NONE","type":"NONE","uuid":1816378356,"endNode":"Limuru Rd","speed":3.45,"segments":[[],[],[],[],[],[]],"roadType":3,"delay":92,"street":"Limuru Rd","pubMillis":1665588527474},{"country":"KE","city":"Nairobi","level":2,"line":[{"x":36.779483,"y":-1.299882},{"x":36.780227,"y":-1.299883},{"x":36.781388,"y":-1.299843},{"x":36.78207,"y":-1.299796},{"x":36.782568,"y":-1.299777},{"x":36.783053,"y":-1.299746},{"x":36.78372,"y":-1.299718},{"x":36.784853,"y":-1.299653},{"x":36.785098,"y":-1.299653},{"x":36.785734,"y":-1.299672},{"x":36.786662,"y":-1.299652},{"x":36.787356,"y":-1.29963},{"x":36.787992,"y":-1.299604},{"x":36.788164,"y":-1.299575}],"speedKMH":22.67,"length":967,"turnType":"NONE","type":"NONE","uuid":1815418818,"endNode":"Ring Road Kilimani","speed":6.29722222222222,"segments":[[],[],[],[]],"roadType":3,"delay":86,"street":"Ngong Rd","pubMillis":1665588167476},{"country":"KE","city":"Nairobi","level":4,"line":[{"x":36.786853,"y":-1.290201},{"x":36.787078,"y":-1.291615},{"x":36.787137,"y":-1.291765},{"x":36.787176,"y":-1.291933},{"x":36.787232,"y":-1.292219}],"speedKMH":5.66,"length":227,"turnType":"NONE","type":"NONE","uuid":1815942602,"endNode":"Argwings Kodhek Rd","speed":1.57222222222222,"segments":[[],[],[]],"roadType":2,"delay":117,"street":"Cotton Ave","pubMillis":1665588360592},{"country":"KE","level":2,"line":[{"x":36.840644,"y":-1.261985},{"x":36.841821,"y":-1.260985},{"x":36.841955,"y":-1.260881},{"x":36.842095,"y":-1.260782},{"x":36.842256,"y":-1.260678},{"x":36.842457,"y":-1.260563},{"x":36.842859,"y":-1.260356},{"x":36.846691,"y":-1.258505},{"x":36.84694,"y":-1.258396},{"x":36.847159,"y":-1.258311},{"x":36.847384,"y":-1.258239},{"x":36.847632,"y":-1.258174},{"x":36.847924,"y":-1.258121},{"x":36.848192,"y":-1.258087},{"x":36.848456,"y":-1.258067},{"x":36.84867,"y":-1.258059},{"x":36.849232,"y":-1.258065},{"x":36.851236,"y":-1.258033},{"x":36.851582,"y":-1.25802},{"x":36.85187,"y":-1.258003},{"x":36.852132,"y":-1.257975},{"x":36.852372,"y":-1.257933},{"x":36.852631,"y":-1.257878},{"x":36.852882,"y":-1.257809},{"x":36.853155,"y":-1.257716},{"x":36.853398,"y":-1.257617},{"x":36.853643,"y":-1.257501},{"x":36.853852,"y":-1.257386},{"x":36.854071,"y":-1.257245},{"x":36.854306,"y":-1.257073},{"x":36.856365,"y":-1.255471},{"x":36.856772,"y":-1.255131},{"x":36.857079,"y":-1.254865},{"x":36.857335,"y":-1.254632},{"x":36.857591,"y":-1.254385},{"x":36.85783,"y":-1.254146},{"x":36.860485,"y":-1.251397},{"x":36.863833,"y":-1.247938},{"x":36.863986,"y":-1.247803},{"x":36.8677,"y":-1.243958},{"x":36.867879,"y":-1.243774},{"x":36.868027,"y":-1.243605},{"x":36.868164,"y":-1.243433},{"x":36.868283,"y":-1.24327},{"x":36.86839,"y":-1.243112},{"x":36.868501,"y":-1.242922},{"x":36.868602,"y":-1.242733},{"x":36.86871,"y":-1.242509},{"x":36.868922,"y":-1.242038},{"x":36.869425,"y":-1.240903},{"x":36.869735,"y":-1.240164},{"x":36.870179,"y":-1.23914},{"x":36.870624,"y":-1.238119},{"x":36.870907,"y":-1.237489},{"x":36.871043,"y":-1.237214},{"x":36.871176,"y":-1.236967},{"x":36.871332,"y":-1.236702},{"x":36.871489,"y":-1.236455},{"x":36.871686,"y":-1.236176},{"x":36.871871,"y":-1.235938},{"x":36.872106,"y":-1.235664},{"x":36.872358,"y":-1.235394},{"x":36.872618,"y":-1.23514},{"x":36.872839,"y":-1.234947},{"x":36.87308,"y":-1.234748},{"x":36.877162,"y":-1.231466},{"x":36.87769,"y":-1.231024},{"x":36.877918,"y":-1.23083},{"x":36.8799,"y":-1.229234},{"x":36.88024,"y":-1.228979},{"x":36.880816,"y":-1.228566},{"x":36.883286,"y":-1.226763},{"x":36.884234,"y":-1.226092},{"x":36.884986,"y":-1.225529},{"x":36.885353,"y":-1.225277},{"x":36.885703,"y":-1.225026},{"x":36.886259,"y":-1.224616},{"x":36.886737,"y":-1.224237},{"x":36.887224,"y":-1.223824},{"x":36.887639,"y":-1.223455},{"x":36.887878,"y":-1.223228},{"x":36.888098,"y":-1.223002},{"x":36.888549,"y":-1.222526},{"x":36.888976,"y":-1.222083},{"x":36.890356,"y":-1.220655},{"x":36.891043,"y":-1.21994},{"x":36.891166,"y":-1.219817},{"x":36.891457,"y":-1.219542},{"x":36.891731,"y":-1.21929}],"speedKMH":37.05,"length":7630,"turnType":"NONE","type":"NONE","uuid":1815460684,"endNode":"SportsDrive Estate, Luxury Apartments, Kasarani, Off Exit 8 along ICIPE Rd","speed":10.2916666666667,"segments":[[],[],[],[],[],[],[],[],[]],"roadType":3,"delay":379,"startNode":"na","street":"Thika Rd","pubMillis":1665588176245},{"country":"KE","city":"Nairobi","level":3,"line":[{"x":36.804155,"y":-1.229432},{"x":36.804252,"y":-1.229184},{"x":36.804328,"y":-1.228979},{"x":36.804376,"y":-1.228811},{"x":36.804557,"y":-1.228364},{"x":36.804843,"y":-1.227709},{"x":36.804963,"y":-1.227485},{"x":36.805011,"y":-1.227344},{"x":36.80504,"y":-1.227195},{"x":36.805058,"y":-1.227046},{"x":36.805069,"y":-1.226903},{"x":36.805065,"y":-1.226761},{"x":36.805051,"y":-1.226618},{"x":36.805025,"y":-1.22648},{"x":36.804993,"y":-1.226343},{"x":36.804942,"y":-1.226184},{"x":36.804798,"y":-1.225813},{"x":36.804755,"y":-1.225674},{"x":36.804686,"y":-1.225459},{"x":36.804615,"y":-1.225268},{"x":36.804365,"y":-1.224664},{"x":36.804306,"y":-1.224544},{"x":36.804207,"y":-1.224348},{"x":36.804137,"y":-1.224219},{"x":36.804045,"y":-1.224078},{"x":36.803957,"y":-1.223969},{"x":36.803846,"y":-1.223846},{"x":36.803692,"y":-1.223718},{"x":36.803505,"y":-1.223603},{"x":36.80307,"y":-1.223375},{"x":36.802789,"y":-1.223232}],"speedKMH":10.95,"length":805,"turnType":"NONE","type":"NONE","uuid":1815946308,"speed":3.04166666666667,"segments":[[],[],[]],"roadType":3,"delay":195,"street":"Limuru Rd","pubMillis":1665588358352},{"country":"KE","city":"Nairobi","level":2,"line":[{"x":36.814862,"y":-1.315017},{"x":36.814699,"y":-1.315288},{"x":36.814608,"y":-1.315405},{"x":36.814484,"y":-1.315554},{"x":36.814353,"y":-1.315705},{"x":36.814175,"y":-1.31588},{"x":36.813993,"y":-1.316052},{"x":36.813743,"y":-1.316302},{"x":36.812982,"y":-1.317051},{"x":36.812531,"y":-1.317492},{"x":36.811943,"y":-1.318033},{"x":36.810929,"y":-1.319071},{"x":36.810219,"y":-1.319842},{"x":36.809916,"y":-1.320139},{"x":36.80959,"y":-1.320478},{"x":36.808294,"y":-1.321757},{"x":36.807991,"y":-1.321978},{"x":36.807826,"y":-1.322068},{"x":36.807646,"y":-1.322144},{"x":36.807284,"y":-1.322261},{"x":36.805824,"y":-1.322579},{"x":36.805333,"y":-1.322668},{"x":36.803844,"y":-1.322879},{"x":36.803171,"y":-1.322993},{"x":36.802604,"y":-1.323098}],"speedKMH":23.32,"length":1700,"turnType":"NONE","type":"NONE","uuid":1814978002,"speed":6.47777777777778,"segments":[[],[],[],[],[],[],[],[],[],[]],"roadType":3,"delay":151,"street":"Langata Rd","pubMillis":1665587992132},{"country":"KE","city":"Nairobi","level":3,"line":[{"x":36.772793,"y":-1.276806},{"x":36.772942,"y":-1.277168},{"x":36.773084,"y":-1.277416},{"x":36.773162,"y":-1.27753},{"x":36.773284,"y":-1.277677},{"x":36.773378,"y":-1.27777},{"x":36.773883,"y":-1.278115},{"x":36.774289,"y":-1.278291},{"x":36.774845,"y":-1.278407},{"x":36.776534,"y":-1.278631},{"x":36.777778,"y":-1.278913},{"x":36.778748,"y":-1.279016},{"x":36.77897,"y":-1.279058},{"x":36.779059,"y":-1.279089},{"x":36.779149,"y":-1.279123},{"x":36.779384,"y":-1.279249},{"x":36.779961,"y":-1.279614},{"x":36.781666,"y":-1.280751},{"x":36.782408,"y":-1.28124},{"x":36.78284,"y":-1.281507},{"x":36.783918,"y":-1.282208},{"x":36.78494,"y":-1.282906},{"x":36.785236,"y":-1.283093},{"x":36.785389,"y":-1.283119},{"x":36.785547,"y":-1.283109}],"speedKMH":8.75,"length":1635,"turnType":"NONE","type":"NONE","uuid":1814102812,"speed":2.43055555555556,"segments":[[],[],[],[],[],[]],"roadType":7,"delay":503,"street":"Olenguruone Rd","pubMillis":1665587651941},{"country":"KE","city":"Nairobi","level":3,"line":[{"x":36.756435,"y":-1.300652},{"x":36.757785,"y":-1.300147},{"x":36.758231,"y":-1.299908},{"x":36.758773,"y":-1.299667},{"x":36.759924,"y":-1.29925},{"x":36.760441,"y":-1.299022},{"x":36.760693,"y":-1.298951},{"x":36.760924,"y":-1.2989},{"x":36.761155,"y":-1.298877},{"x":36.761344,"y":-1.298872},{"x":36.76161,"y":-1.298889},{"x":36.761887,"y":-1.298933},{"x":36.7634,"y":-1.299214},{"x":36.763807,"y":-1.299319},{"x":36.764857,"y":-1.299536},{"x":36.765209,"y":-1.299597},{"x":36.765551,"y":-1.299672},{"x":36.766042,"y":-1.299785},{"x":36.766173,"y":-1.299799}],"speedKMH":10.78,"length":1132,"turnType":"NONE","type":"NONE","uuid":1814592470,"speed":2.99444444444444,"segments":[[],[],[],[],[],[],[],[],[]],"roadType":3,"delay":279,"street":"Ngong Rd","pubMillis":1665587837325},{"country":"KE","city":"Nairobi","level":2,"line":[{"x":36.801768,"y":-1.264644},{"x":36.801723,"y":-1.26454},{"x":36.80165,"y":-1.264443},{"x":36.801598,"y":-1.264359},{"x":36.801564,"y":-1.264274},{"x":36.801526,"y":-1.264113},{"x":36.801487,"y":-1.263995},{"x":36.801419,"y":-1.263855},{"x":36.801235,"y":-1.263622},{"x":36.800716,"y":-1.263033},{"x":36.800484,"y":-1.262782},{"x":36.800236,"y":-1.262549},{"x":36.800021,"y":-1.262355},{"x":36.799792,"y":-1.262177},{"x":36.799598,"y":-1.262034},{"x":36.79932,"y":-1.261886},{"x":36.799028,"y":-1.261762},{"x":36.798238,"y":-1.261519},{"x":36.798116,"y":-1.261502},{"x":36.798007,"y":-1.261521},{"x":36.797891,"y":-1.261519}],"speedKMH":16.47,"length":584,"turnType":"NONE","type":"NONE","uuid":1816348348,"endNode":"David Osieli Rd","speed":4.575,"segments":[[],[],[]],"roadType":3,"delay":75,"street":"Waiyaki Way","pubMillis":1665588519897}]}
